nearest_signal_id,nearest_signal_name,avg_hourly_volume,peak_hour_volume,min_hourly_volume,hourly_volume_std,observation_count,avg_match_distance_m,active_days,avg_daily_volume,peak_to_average_ratio,traffic_variability_index,intersection_load_index,peak_load_index
436631,YONGE ST / STEELES AVE,1294.9930555555557,2418,80,706.1812550517059,144,46.10013211383907,3,31079.833333333332,1.8671914800057914,0.5453166347280157,2.8439663264619512,2.1127155604939962
12377332,EGLINTON AVE W / MARTIN GROVE RD,1231.1904761904761,2621,82,761.4323561306323,168,79.22623421398374,7,29548.571428571428,2.1288338812608782,0.6184521167566537,2.7038479015196195,2.2900858081285214
3327208,STEELES AVE W / DUFFERIN ST,1046.3819444444443,2249,63,589.7380121955516,144,2.6834178034103195,3,25113.166666666668,2.1493107865064145,0.5635972747108717,2.297985307219367,1.9650526449755987
909165,DIXON RD / 427 N DIXON RAMP / PRIVATE ACCESS,1035.7291666666667,2447,81,653.0966925140007,144,91.08468514006502,3,24857.5,2.362586744443327,0.6305670570385604,2.274590478070816,2.1380541672989284
913150,DUNDAS ST W / NEILSON DR / WEST MALL CRES,1004.2104166666667,2290,50,659.3966302358718,480,58.12745056406767,10,24101.05,2.280398571846455,0.6566319361878807,2.205371370472036,2.0008761925273992
106625,MCCOWAN RD / PITFIELD RD / INVERGORDON AVE,988.6041666666666,1906,72,550.7713677785703,336,136.1552434367959,14,23726.5,1.9279708342992015,0.557120216917189,2.171098098278074,1.6653580886276083
821,MILLWOOD RD / VILLAGE STATION RD / REDWAY RD,965.3125,3047,31,793.6311209915433,144,31.751734502122474,3,23167.5,3.156490773713176,0.8221494293211197,2.119946692173615,2.6623012046423518
907862,REXDALE BLVD / HUMBERWOOD BLVD,921.125,2163,102,580.0111688458381,72,64.76473686875427,3,22107.0,2.348215497353779,0.6296769372732671,2.0229054288931523,1.8899105696230414
9344974,SHEPPARD AVE E / MCCOWAN RD,910.7857142857143,1827,68,517.5729772509222,336,120.12355085621796,14,21858.85714285714,2.005960316837895,0.5682708557378175,2.000199067430478,1.5963322287107242
436346,STEELES AVE E / BAYVIEW AVE,903.5625,1757,35,573.6233836553595,144,57.2790957940883,3,21685.5,1.9445251435290862,0.634846381578872,1.9843359876176077,1.5351700743539916
912884,DUNDAS ST W / PAULART DR / PRIVATE ACCESS,902.5059523809524,2000,53,593.8638828398325,168,108.29165952741462,7,21660.14285714286,2.2160518661662962,0.6580165829079867,1.9820156772205872,1.747490124478078
9637988,KENNEDY RD / SHEPPARD AVE E,899.0297619047619,1640,69,495.5861589094573,336,118.3314369186883,7,21576.714285714286,1.824188774935943,0.551245553717227,1.9743815292101083,1.432941902072024
7171584,BIRCHMOUNT RD / VAUXHALL DR,879.4166666666666,2237,33,640.9646194265666,144,35.91461240240292,3,21106.0,2.54373164029186,0.7288520262597176,1.931308724938656,1.9545677042287302
1139581,ST CLAIR AVE W / AVENUE RD,869.2857142857143,1724,53,515.8351538064081,168,53.15820803862249,7,20862.85714285714,1.9832374691865242,0.5934011629654654,1.9090598894697606,1.5063364873001033
1141417,AVENUE RD / DAVENPORT RD,868.4345238095239,2047,39,538.4593183250852,336,32.289644498305684,7,20842.428571428572,2.357114950958553,0.620034445386912,1.9071905689808932,1.7885561424033127
908025,REXDALE BLVD / KIPLING AVE / PRIVATE ACCESS / 420m EAST OF,855.0416666666666,1571,102,455.1836786815056,72,48.69053472883977,3,20521.0,1.8373373617270115,0.5323526284467684,1.877778183666548,1.3726534927775302
30029306,CARLINGVIEW DR / INTERNATIONAL BLVD / RENFORTH DR,848.3402777777778,2136,49,584.1411502379549,144,46.86875687209537,3,20360.166666666668,2.5178575813884954,0.6885693931309133,1.8630610975333333,1.8663194529425873
6345158,UNIVERSITY AVE / COLLEGE ST,847.2470238095239,2365,40,534.0002417603114,336,45.61359165320248,7,20333.928571428572,2.7913936945639763,0.6302769165942377,1.8606601754135992,2.0664070721953274
912255,BURNHAMTHORPE RD / MILL RD,843.3611111111111,2317,38,591.274865514311,144,143.31818246524404,3,20240.666666666668,2.747340337933533,0.7010933486550245,1.8521262262820222,2.0244673092078536
10133796,KEELE ST / WILSON AVE,838.6645833333333,1745,38,483.2943347159611,960,70.41221118272534,13,20127.95,2.0806887934439424,0.5762665364919461,1.8418120652956043,1.524685133607123
60008277,WARDEN AVE / ELLESMERE RD,838.0446428571429,2169,40,546.2361316920488,672,86.62642026397805,14,20113.071428571428,2.5881676095502923,0.6517983693920741,1.8404505986598314,1.8951530399964756
4223571,STEELES AVE E / MARKHAM RD,825.8173076923077,2529,26,617.6368369326237,312,62.34963962870004,10,19819.615384615383,3.0624206788146937,0.7479097751760245,1.8135978450315604,2.20970126240253
10335347,STEELES AVE W / BATHURST ST,813.4427083333334,1852,0,532.046686590525,576,76.80779054503014,21,19522.625,2.276743009713089,0.6540678048250479,1.7864216808587858,1.6181758552667003
11129605,BATHURST ST / FINCH AVE W,794.25,1962,32,507.7898584045447,336,63.038314906501725,7,19062.0,2.4702549575070822,0.639332525532949,1.744272098681923,1.7142878121129945
20046145,ALBION RD / ARMEL CRT / PRIVATE ACCESS,781.3333333333334,1821,44,494.6169670117919,144,41.775561698664774,3,18752.0,2.330631399317406,0.6330421932744776,1.7159054870676433,1.59108975833729
103197,STEELES AVE E / KENNEDY RD,769.8819444444445,1735,33,507.9311595959638,144,124.85086996065668,3,18477.166666666668,2.253592271542354,0.6597520090726282,1.690756808276274,1.5159476829847327
8115811,REXDALE BLVD / QUEENS PLATE DR,755.3125,1529,43,457.0028915877671,144,65.483140377595,3,18127.5,2.0243276789408355,0.6050514079771845,1.6587604904446835,1.3359562001634906
439767,STEELES AVE W / ISLINGTON AVE,748.9702380952381,1801,0,492.73799197416713,504,105.83245078590609,21,17975.285714285714,2.404634935268265,0.6578872789755782,1.6448320919769346,1.5736148570925093
446206,KEELE ST / LAWRENCE AVE W,745.8895833333333,1669,55,422.27773155057605,480,48.03944414457089,10,17901.35,2.237596605842576,0.5661397356743388,1.6380665897460729,1.4582805088769561
1142361,AVENUE RD / BLOOR ST W,743.4613095238095,1949,43,445.8033550057688,336,66.99910739856053,7,17843.071428571428,2.621521759146207,0.5996322193165747,1.6327337974843008,1.702929126303887
9796780,JANE ST / LAWRENCE AVE W,742.8184523809524,1572,68,399.34807129057623,672,62.11532228706189,14,17827.64285714286,2.1162640682407337,0.5376119427439474,1.6313220029892121,1.3735272378397694
110904,EGLINTON AVE E / BARBADOS BLVD,737.3571428571429,1853,46,499.4253858151167,168,134.674543019866,7,17696.571428571428,2.5130291581904483,0.6773181634613614,1.619328285866585,1.6190496003289392
907647,ALBION RD / SHENDALE DR,729.5,1740,46,458.13904506752584,144,54.39619380270145,3,17508.0,2.385195339273475,0.6280178822035996,1.6020730198155022,1.520316408295928
445710,DUFFERIN ST / LAWRENCE AVE W,726.2407407407408,1326,44,418.3496161181203,432,87.01235105479316,9,17429.777777777777,1.8258408343320498,0.5760481237825049,1.5949152798239423,1.1585859525289657
3369829,KENNEDY RD / FINCH AVE E,726.077380952381,1405,56,423.429327248288,168,86.07672514826301,7,17425.85714285714,1.9350554594568006,0.5831738301679146,1.594556521346281,1.2276118124458497
14203392,DUFFERIN ST / BILLY BISHOP WAY,725.5162037037037,1672,36,452.0759332112284,432,51.59035369366691,9,17412.38888888889,2.3045660337626788,0.6231093542823937,1.593324106090023,1.4609017440636731
110101,LAWRENCE AVE E / KENNEDY RD,715.25,1510,42,411.491517113921,336,101.00460293037031,7,17166.0,2.1111499475707793,0.5753114534972681,1.5707782418410392,1.319355043980949
906551,STEELES AVE W / HIGHWAY 27 N,710.9583333333334,1559,39,494.92248468327887,72,117.7155387065376,3,17063.0,2.1928148625681296,0.6961343041902768,1.561353206369198,1.362168552030662
1141751,BLOOR ST E / PARLIAMENT ST / 130m WEST OF,703.1597222222222,1493,116,341.811661697856,144,10.67825233462665,3,16875.833333333332,2.1232729247938376,0.4861081357413586,1.544226483335415,1.3045013779228851
14228227,STEELES AVE E / WARDEN AVE,700.6111111111111,1583,28,451.83656478231296,144,29.560858603217284,3,16814.666666666668,2.2594560304496074,0.6449177833702033,1.5386294153448556,1.3831384335243988
439004,STEELES AVE W / WESTON RD,699.4288194444445,1778,0,488.44218220716715,576,131.13292611888784,21,16786.291666666668,2.5420742619846055,0.6983443756222917,1.5360329553301615,1.5535187206610113
108899,ELLESMERE RD / BIRCHMOUNT RD,695.5694444444445,1475,45,463.5406549284733,72,54.283863203099024,3,16693.666666666668,2.1205646852099598,0.6664189444070622,1.527557286295411,1.2887739668025826
2286559,STEELES AVE W / KEELE ST,684.1979166666666,1853,30,452.27303197578254,384,83.49488161227592,13,16420.75,2.7082806814548666,0.6610266137307237,1.5025839924683235,1.6190496003289392
8536355,BLOOR ST E / SHERBOURNE ST / SHERBOURNE ST N,683.2256944444445,1502,91,320.51112619830883,576,59.72234570312245,12,16397.416666666668,2.1983950723945336,0.4691145675645703,1.500448871164023,1.3123650834830365
907054,ISLINGTON AVE / ALBION RD,678.6111111111111,1597,36,436.1159002800499,144,35.15522238830414,3,16286.666666666666,2.3533360622185837,0.6426595337733032,1.4903146704018246,1.3953708643957452
908116,KIPLING AVE / BETHRIDGE RD / PRIVATE ACCESS,677.4070512820513,1768,48,453.5240763132412,312,149.41205594569453,13,16257.76923076923,2.609952164882116,0.6695000819003991,1.4876704047864986,1.544781270038621
440789,YORK MILLS RD / SCARSDALE RD / PRIVATE ACCESS,674.7958333333333,1553,20,465.6194461164752,240,103.71452037720364,10,16195.1,2.301436854357182,0.6900152951692429,1.4819358443690909,1.3569260816572275
8406969,DUNDAS ST W / ISLINGTON AVE,673.2142857142857,1422,25,434.30254456222065,336,51.46535288161391,7,16157.142857142857,2.1122546419098143,0.6451178380765081,1.4784625684677477,1.2424654785039135
444991,WILSON AVE / JANE ST,670.078947368421,1285,41,344.58688149388877,912,69.43757338977976,24,16081.894736842105,1.9176844833680242,0.5142481835120675,1.4715769742636318,1.1227624049771652
906966,ALBION RD / BENSTROW AVE / SANAGAN RD,667.125,1544,30,430.8868005162782,72,145.0486806469964,3,16011.0,2.314408843919805,0.6458861540435124,1.465089737278159,1.3490623760970761
906865,ALBION RD / MARTIN GROVE RD,665.4652777777778,1709,32,436.9018694640491,144,37.95069785931068,3,15971.166666666666,2.5681279806317634,0.6565359366652725,1.4614447801943888,1.4932303113665177
2311881,ORIOLE PKWY / KILBARRY RD,664.9166666666666,1675,24,440.04321942854085,144,34.14449986659216,3,15958.0,2.519112670760747,0.6618020595491277,1.4602399617441046,1.4635229792503903
102933,STEELES AVE E / MCCOWAN RD,663.8270833333333,1457,35,393.0853298066725,480,13.07053917812266,17,15931.85,2.1948486836117587,0.5921501844016948,1.4578471007966423,1.2730465556822799
109516,MCCOWAN RD / LAWRENCE AVE E / PRIVATE ACCESS / 180m NORTH OF,663.1845238095239,1396,44,399.3986181019172,504,43.721149651933935,21,15916.42857142857,2.10499483911502,0.6022435743941308,1.4564359599101162,1.2197481068856983
11056997,LAWRENCE AVE E / WARDEN AVE,660.6031746031746,1565,28,435.742962871107,504,61.52660348923415,14,15854.47619047619,2.3690470469508385,0.659613788766393,1.4507669949776771,1.367411022404096
8985453,EGLINTON AVE E / MCCOWAN RD,659.327380952381,1663,42,431.20261429533963,168,130.11661761559344,7,15823.857142857143,2.5222674623308388,0.6540038025911784,1.4479651929395847,1.4530380385035218
30107606,KEELE ST / DOVEHOUSE AVE,658.2458333333333,1417,47,373.88644426392835,240,144.05338519024795,10,15797.9,2.1526911804733544,0.5680042703355688,1.4455899794233107,1.2380967531927183
440599,BATHURST ST / SHEPPARD AVE W,657.2544642857143,1439,15,427.86864686095856,672,64.8853015402651,14,15774.107142857143,2.189410765834607,0.6509938997918473,1.4434128093014866,1.2573191445619771
7950483,BLOOR ST W / JANE ST,657.1666666666666,1313,50,380.6044619904316,168,21.612586733773664,7,15772.0,1.997971088004058,0.5791597189811285,1.4432199947755369,1.1472272667198582
10878223,DANFORTH AVE / VICTORIA PARK AVE,655.7619047619048,1448,63,376.4143673895254,336,51.84251250361634,14,15738.285714285714,2.208118509912134,0.5740107265398324,1.4401349623603437,1.2651828501221285
14171574,STEELES AVE E / MIDLAND AVE,655.7166666666667,1800,22,433.98596195095314,480,109.80528938788522,10,15737.2,2.7450880715756294,0.6618498263237981,1.4400356138588373,1.5727411120302701
9544337,JANE ST / ALLIANCE AVE / PRIVATE ACCESS,652.5848214285714,2041,49,420.7320587069794,672,55.596314429744965,14,15662.035714285714,3.127562782615834,0.6447162803847569,1.4331576909552184,1.7833136720298786
3244804,LAIRD DR / MILLWOOD RD,652.3611111111111,1357,28,453.9102196254653,72,0.12203460770008581,3,15656.666666666666,2.0801362571854374,0.6957959508842559,1.4326663951857082,1.185672049458376
30066498,MILLWOOD RD / OVERLEA BLVD,650.3541666666666,1658,10,451.797926646127,576,63.672928766881796,12,15608.5,2.549380145433578,0.6946952134738795,1.4282588947789734,1.4486693131923267
30113636,SHEPPARD AVE E / WARDEN AVE,647.8660714285714,1521,29,408.67560794376953,672,101.52188477444525,14,15548.785714285714,2.3477074461487577,0.6308026086975398,1.4227947271961308,1.3289662396655784
907562,ALBION RD / ELMHURST DR,644.8680555555555,1662,41,405.8963015891437,144,34.52309390609763,3,15476.833333333334,2.577271405649304,0.6294253500267787,1.4162107102761343,1.4521642934412828
9135468,ST CLAIR AVE W / BATHURST ST,643.7638888888889,1698,29,356.97859251288537,504,26.62701127689832,21,15450.333333333334,2.6376129964833552,0.5545178887387057,1.4137858225091073,1.4836191156818883
10257842,BLOOR ST W / ARMADALE AVE,641.5,1391,44,355.8411978450954,168,63.93965676277058,7,15396.0,2.1683554169914263,0.5547017893142563,1.4088140400433786,1.2153793815745033
906834,ALBION RD / SILVERSTONE DR,640.875,1444,23,403.4871749506425,144,95.80376105270308,3,15381.0,2.2531694948312855,0.6295879460903335,1.4074414620620426,1.2616878698731724
30094179,AVENUE RD / HEATH ST W,636.6309523809524,1328,18,388.91697556999577,168,94.83367235489978,7,15279.142857142857,2.085980888980309,0.6108986283426453,1.3981210039602079,1.1603334426534437
9694792,BATHURST ST / LAWRENCE AVE W,634.0714285714286,1346,19,411.18995753723897,672,45.44323852956354,14,15217.714285714286,2.122789230595922,0.6484915405566459,1.3924999703223553,1.1760608537737465
5999112,BATHURST ST / WILSON AVE,633.265625,1615,19,424.3939049394318,1152,58.70704131019607,24,15198.375,2.550272644279405,0.67016728555167,1.3907303251392755,1.411098275516048
11267773,SHEPPARD AVE W / JANE ST,633.2619047619048,1428,51,364.32038939168683,336,103.91130903596898,14,15198.285714285714,2.2549911644170395,0.5753076044084238,1.3907221550322437,1.2477079488773477
4889825,BIRCHMOUNT RD / MODERN RD,631.9027777777778,1454,39,424.16350686445844,72,32.52229651247379,3,15165.666666666666,2.300986878255709,0.6712480491953536,1.38773734259664,1.2704253204955627
8255,JANE ST / BALA AVE / EMMETT AVE,630.6934523809524,1188,40,357.2585895089104,336,65.30573167916144,14,15136.642857142857,1.883640928116727,0.5664536204715798,1.385081513137515,1.0380091339399784
109603,BIRCHMOUNT RD / LAURA SECORD WALK,628.875,1539,21,438.34135682695415,144,94.04231479880546,3,15093.0,2.447227191413238,0.6970246182897303,1.3810879648203893,1.344693650785881
3497264,LAWRENCE AVE E / BIRCHMOUNT RD,628.375,1442,25,443.7763184022419,72,55.704645103209586,3,15081.0,2.294808036602347,0.7062284756749423,1.3799899024353204,1.2599403797486943
6125273,DIXON RD / ISLINGTON AVE,628.2678571428571,1885,45,410.2963759260872,336,75.77511929148325,7,15078.42857142857,3.00031265099622,0.653059632545857,1.3797546033528056,1.6470094423205885
907907,HIGHWAY 27 / REXDALE BLVD,625.1388888888889,1769,30,393.5068546422591,864,90.15672045310718,18,15003.333333333334,2.829771161964008,0.6294710849642892,1.3728829986652913,1.54565501510086
8432383,DUFFERIN ST / EGLINTON AVE W,624.9768518518518,1264,30,342.59591699252655,432,32.69292138609445,9,14999.444444444445,2.022474906478018,0.5481737699202618,1.3725271451145744,1.1044137586701452
10093085,JANE ST / YEWTREE BLVD / FIRGROVE CRES,617.8422619047619,1128,58,321.02160916655356,336,134.45112658768457,14,14828.214285714286,1.8257087116741733,0.5195850607190057,1.3568586954069943,0.985584430205636
11714741,JANE ST / HULLMAR DR,616.9583333333334,1533,35,388.4530351142986,144,126.17695364114428,3,14807.0,2.4847707165529815,0.6296260446237026,1.3549174779762476,1.3394511804124467
9848317,WESTON RD / JANE ST,615.5119047619048,1236,49,347.52062519004613,336,8.993764709389572,14,14772.285714285714,2.0080846372550916,0.5646042302373919,1.3517409403622984,1.0799488969274522
906822,ALBION RD / WESTMORE DR,613.5069444444445,1405,31,379.091682113893,144,63.39465406131832,3,14724.166666666666,2.290112626634218,0.6179093579082074,1.3473377973459804,1.2276118124458497
8491726,BURNHAMTHORPE RD / RENFORTH DR,611.0208333333334,1723,22,396.2970126505421,720,54.87860462412644,15,14664.5,2.81987111732415,0.6485818339263535,1.3418779871535547,1.5054627422378641
106992,BIRCHMOUNT RD / BAY MILLS BLVD / BONIS AVE,609.9814814814815,1718,23,435.58216551103584,216,90.81351385407815,3,14639.555555555555,2.816478945930356,0.7140908023193155,1.3395954408068143,1.501094016926669
10878800,DANFORTH AVE / THYRA AVE / PRIVATE ACCESS,606.2232142857143,1580,68,365.0829235549488,336,80.52947678598484,14,14549.357142857143,2.606300720208551,0.6022252446817129,1.3313418171253937,1.3805171983376816
908092,REXDALE BLVD / KIPLING AVE,604.3725490196078,1555,28,430.2226592613289,408,103.2355559855844,17,14504.941176470587,2.5729163287155696,0.711850099676468,1.3272775252932636,1.3586735717817056
7471766,SHEPPARD AVE E / BIRCHMOUNT RD,602.6527777777778,1632,24,437.6923484370522,144,109.92810269859669,3,14463.666666666666,2.70802701020949,0.7262761652754662,1.32350069307011,1.4259519415741118
1141491,DANFORTH AVE / ROYAL DR / OFF RAMP TO,601.0854166666667,1780,33,359.1208806029015,480,17.204205792094363,17,14426.05,2.9613095753861938,0.5974539901407271,1.3200585725102483,1.5552662107854893
444291,WILSON AVE / AGATE RD,598.1208333333333,1318,26,376.6595051605024,240,74.57769838011494,5,14354.9,2.203568119596793,0.6297381468245727,1.3135479776187773,1.1515959920310535
106555,ELLESMERE RD / MORNINGSIDE AVE,595.8035714285714,1346,30,391.62694975141795,168,0.0446448358848253,7,14299.285714285714,2.259133822868275,0.6573088321917999,1.3084589813508332,1.1760608537737465
8206167,KIPLING AVE / STEVENSON RD / 30m NORTH OF,594.6666666666666,1308,44,360.2105133534392,336,146.62101238088243,14,14272.0,2.1995515695067267,0.6057351681952453,1.3059621966419264,1.142858541408663
1139081,MOUNT PLEASANT RD / MOORE AVE,593.9672619047619,1644,6,405.7629137915389,336,51.53148544205735,7,14255.214285714286,2.767829315588782,0.6831401994957087,1.3044262165199552,1.43643688232098
11267576,STEELES AVE W / SIGNET DR / OLD WESTON RD,589.48,1877,0,471.1270572858715,600,129.9757841428123,22,14147.52,3.1841623125466514,0.7992248376295574,1.294571629500812,1.640019481822676
4417422,KINGSTON RD / PORT UNION RD / SHEPPARD AVE E,589.3592592592593,2239,0,478.6276204734543,1080,68.12554851208523,15,14144.622222222222,3.7990410175520184,0.8121152131808722,1.2943064677693064,1.9563151943532082
10985942,ALBION RD / THISTLE DOWN BLVD / RIVERDALE DR,587.6597222222222,1322,36,367.5798978500032,144,11.975991074752706,3,14103.833333333334,2.2496011722581333,0.6254978586247293,1.2905740723845027,1.1550909722800096
14020766,PROGRESS AVE / WILLIAM KITCHEN RD,586.8333333333334,1638,26,531.5714136709834,144,38.966480555171515,3,14084.0,2.791252485089463,0.9058302987861119,1.2887592192758475,1.431194411947546
3102896,DON MILLS RD / FRESHMEADOW DR,586.6805555555555,1471,18,413.49972565380625,144,138.4346296108589,3,14080.333333333334,2.507327004569021,0.704812391919558,1.2884237002137429,1.2852789865536263
907512,ALBION RD / ARCOT BLVD / IRWIN RD,585.8333333333334,1355,38,376.7950603212807,144,47.101526330223074,3,14060.0,2.312944523470839,0.6431779123549599,1.2865630945057096,1.1839245593338978
10071102,FINCH AVE W / JANE ST,581.0625,1472,47,347.51199136402636,336,98.09638451327275,14,13945.5,2.5332903087017318,0.5980630162229129,1.2760857492481772,1.2861527316158654
9487234,ALBION RD / STEINWAY BLVD / PRIVATE ACCESS,578.1875,1554,29,407.48968786557424,144,81.91429288705574,3,13876.5,2.6877094368176415,0.7047708362176184,1.2697718905340312,1.3577998267194666
439731,YORK MILLS RD / FENSIDE DR,576.9229166666667,1845,19,417.5016111326574,480,91.84526469983383,10,13846.15,3.19800088833358,0.7236696603159563,1.2669947077517945,1.612059639831027
12313155,BATHURST ST / EGLINTON AVE W,575.2931547619048,1279,13,345.8474790436133,672,33.89583698231094,14,13807.035714285714,2.223214355000168,0.6011673808056144,1.26341554726332,1.1175199346037308
1139497,DANFORTH AVE / WOODBINE AVE,573.4595588235294,1935,62,354.44187642161796,816,50.70473047123001,17,13763.029411764706,3.374257121059616,0.6180764989753886,1.2593887418046297,1.6906966954325404
9348,ST CLAIR AVE W / SCARLETT RD,569.9305555555555,1309,19,383.7500580219591,144,29.757672814975592,3,13678.333333333334,2.2967710491044233,0.6733277489358123,1.2516386103139352,1.143732286470902
7062996,ALBION RD / CODLIN CRES / CLAIREPORT CRES,569.5069444444445,1795,35,420.57544777207323,288,90.76850441854796,6,13668.166666666666,3.151849187284322,0.7384904642073253,1.2507083074599186,1.568372386719075
906809,HIGHWAY 27 / ALBION RD,568.8683333333333,1555,26,363.52697637086936,1200,36.05007179696457,25,13652.84,2.7334972064420295,0.6390353532965203,1.2493058377803223,1.3586735717817056
30148797,LAIRD DR / MCRAE DR / WICKSTEED AVE,568.5486111111111,1226,19,396.5128915242362,144,70.24522588579038,3,13645.166666666666,2.156367944693481,0.697412470587754,1.2486036878885365,1.0712114463050617
11033986,BIRCHMOUNT RD / HUNTINGWOOD DR,567.3935185185185,1518,23,406.2839054956173,216,137.87740431440747,3,13617.444444444445,2.675391858482176,0.7160531310904586,1.2460669604341412,1.3263450044788612
7705229,KINGSTON RD / WAVERLEY RD / BROOKSIDE DR,565.6145833333334,1498,31,312.0618937732949,192,92.11684477731893,4,13574.75,2.648446564393451,0.5517217960226949,1.2421601968094866,1.3088701032340804
111234,BIRCHMOUNT RD / ASHTONBEE RD,563.8263888888889,1301,19,388.94365331317977,144,68.58828743986534,3,13531.833333333334,2.3074478698377896,0.6898287504415254,1.2382330986962193,1.1367423259729896
9741581,ALBION RD / CALSTOCK DR,563.6041666666666,1292,36,352.46080412445286,144,43.563600164426504,3,13526.5,2.292389014157395,0.6253694081238214,1.237745070969522,1.1288786204128385
105258,FINCH AVE E / BIRCHMOUNT RD,561.3611111111111,1402,21,397.0231821297179,144,109.26099759870228,3,13472.666666666666,2.4975011133653324,0.7072509553500839,1.2328190411031712,1.2249905772591327
30133580,REXDALE BLVD / BERGAMOT AVE / 200m EAST OF,561.1527777777778,1044,44,300.19910221593096,144,98.49590866040172,3,13467.666666666666,1.8604559067395985,0.5349685755896103,1.2323615151093927,0.9121898449775567
441891,BAYVIEW AVE / YORK MILLS RD,561.06875,1553,10,403.48062568768233,480,51.91597564053915,10,13465.65,2.7679317374207706,0.719128673068465,1.2321769796252353,1.3569260816572275
1138872,AVENUE RD / CHAPLIN CRES,560.7440476190476,1268,14,351.2297712371052,336,38.52451885726765,7,13457.857142857143,2.2612812483413833,0.6263637977584382,1.2314638926835029,1.1079087389191014
14037155,UNIVERSITY AVE / YORK ST / FRONT ST W,559.360119047619,1285,26,342.275691558176,336,72.16532924029177,7,13424.642857142857,2.297267817712629,0.6119057828808808,1.2284246128676872,1.1227624049771652
60010184,KENNEDY RD / MCNICOLL AVE,558.0416666666666,1453,16,369.8296768627742,240,108.47901035700524,10,13393.0,2.6037482266855823,0.6627277118424985,1.2255291269356305,1.2695515754333238
436231,STEELES AVE E / LESLIE ST,551.2916666666666,1306,18,375.123977175211,144,76.0222010092207,3,13231.0,2.368981936361575,0.6804455787321491,1.2107052847372006,1.1411110512841849
906946,ALBION RD / KIPLING AVE,551.0128205128206,1580,22,369.74453659674907,312,7.310230987672467,10,13224.307692307691,2.867446892668512,0.6710271028769033,1.2100929037916817,1.3805171983376816
10575986,JANE ST / DUNDAS ST W,549.0565476190476,1250,25,347.8512631433635,336,62.87585814252235,7,13177.357142857143,2.2766325352471504,0.6335436024791994,1.2057966844325179,1.0921813277987988
9011650,LAWRENCE AVE E / MCCOWAN RD,548.7638888888889,1127,37,318.86771930607654,576,115.05584770573348,24,13170.333333333334,2.0537065627293662,0.5810654195043787,1.2051539693460191,0.984710685143397
14038219,MIDLAND AVE / MCNICOLL AVE,546.4444444444445,1440,16,397.2868864052098,72,19.925462454209548,3,13114.666666666666,2.635217568117121,0.727039849053861,1.2000601799486164,1.2581928896242163
3841896,DANFORTH AVE / BROADVIEW AVE,543.7678571428571,1531,62,299.6878470180593,336,102.55322572827848,14,13050.42857142857,2.8155397195494403,0.5511319639096031,1.1941820602761641,1.3377036902879686
3065748,UNIVERSITY AVE / WELLINGTON ST W,543.7678571428571,1437,34,338.33867997427944,336,38.25617793353113,14,13050.42857142857,2.642671833437326,0.6222116212459246,1.1941820602761641,1.255571654437499
13971323,MARKHAM RD / PROGRESS AVE,542.0277777777778,1445,18,414.97130300313415,72,44.53782874065363,3,13008.666666666666,2.6659150310049706,0.7655904734337533,1.190360628880508,1.2625616149354113
107875,BIRCHMOUNT RD / ALLANFORD RD / SCARDEN AVE,540.9305555555555,1330,23,397.6737046766309,72,77.57791454337875,3,12982.333333333334,2.458725960921252,0.7351659110256868,1.18795099197994,1.1620809327779218
8408552,BLOOR ST W / BEDFORD RD,539.7738095238095,1017,74,248.75201566615593,168,135.49547818963146,7,12954.57142857143,1.8841225381001743,0.4608449155501003,1.185410633366864,0.8885987282971026
414,ST CLAIR AVE E / VICTORIA PARK AVE,530.9675925925926,1232,25,347.2457274539547,432,38.866101222172354,9,12743.222222222223,2.3202922686569765,0.6539866694282295,1.1660710822330118,1.076453916678496
906673,STEELES AVE W / ALBION RD / REGIONAL RD 50,523.0763888888889,1639,40,404.0438956950187,144,111.49100610235874,3,12553.833333333334,3.1333855528855725,0.772437648262585,1.1487410143131054,1.4320681570097848
913880,KIPLING AVE / EVANS AVE,521.0758928571429,1428,19,356.6097340628994,672,81.35243204970118,14,12505.82142857143,2.740483717582954,0.6843719675987137,1.1443476754252255,1.2477079488773477
10133019,KEELE ST / SHEPPARD AVE W,517.21875,1466,0,529.613839381327,384,107.38470583451,13,12413.25,2.834390671258534,1.0239648879344128,1.135876908454694,1.2809102612424312
30071559,BLOOR ST W / KEELE ST / PARKSIDE DR,514.922619047619,1136,43,281.8857818236212,336,49.702108681179695,7,12358.142857142857,2.206156727201267,0.5474332868596572,1.1308343183946903,0.9925743907035484
60006609,SCARLETT RD / EAST DR / PRIVATE ACCESS,513.5833333333334,1128,25,320.9713949305084,144,18.191455381806385,3,12326.0,2.196332954729839,0.6249645852938667,1.1278930798632558,0.985584430205636
914856,LAKE SHORE BLVD W / FORTY FIRST ST / BROW DR,512.8194444444445,1856,35,400.3051921871572,144,144.7141508245671,3,12307.666666666666,3.6192075400157084,0.7805967510081878,1.126215484552734,1.6216708355156564
10010625,DANFORTH AVE / DONLANDS AVE,512.2058823529412,1888,18,332.1131254747316,816,46.99505750691371,17,12292.941176470587,3.6860178007464826,0.6483977184117642,1.124868025645566,1.6496306775073057
104545,WARDEN AVE / MCNICOLL AVE,511.671568627451,1289,4,353.0833924723644,408,52.38330764832101,16,12280.117647058823,2.519194106207068,0.6900586511372983,1.1236946060379924,1.1262573852261213
1145856,UNIVERSITY AVE / KING ST W,509.8541666666667,1386,64,345.49642352585096,336,31.57162560247031,14,12236.5,2.7184243860581048,0.6776377366583928,1.119703364574617,1.211010656263308
4504014,ST CLAIR AVE E / BIRCHMOUNT RD,505.18333333333334,1482,16,365.3942347611102,360,55.06450264518818,12,12124.4,2.9335884662333807,0.7232903594624596,1.1094456317940984,1.2948901822382557
11272883,SCARLETT RD / EDENBRIDGE DR,503.06944444444446,976,29,297.02578853225543,72,92.84699924330542,3,12073.666666666666,1.9400900030369121,0.5904270112454761,1.1048032680438906,0.8527751807453021
439138,JANE ST / SHOREHAM DR / 240m NORTH OF,502.5297619047619,1219,25,321.0037787585322,336,10.015335788677222,14,12060.714285714286,2.4257269766064553,0.6387756568721753,1.1036180578504828,1.0650952308693886
113124,KINGSTON RD / WARDEN AVE,501.1921296296296,1590,27,325.60499125834235,432,67.25908516502156,9,12028.611111111111,3.1724360898782993,0.6496610222091028,1.1006804504777292,1.3892546489600721
14669361,MCNICOLL AVE / SILVER SPRINGS BLVD,501.0138888888889,1253,13,371.6275014101914,72,19.166498622110485,3,12024.333333333334,2.500928672414271,0.7417508968351338,1.1002890115719408,1.0948025629855158
908753,DIXON RD / KIPLING AVE,500.30555555555554,1571,16,360.109848892353,504,64.15595174943778,14,12007.333333333334,3.140081061573483,0.7197798323316145,1.0987334231930932,1.3726534927775302
912526,BLOOR ST W / THE WEST MALL,497.61309523809524,1542,21,355.9938440788445,336,67.2069553618688,7,11942.714285714286,3.098793047763729,0.7154028852647266,1.0928204443973055,1.347314885972598
8408346,BAY ST / BLOOR ST W,491.8980263157895,1063,31,238.92201079198665,912,57.463703808392964,19,11805.552631578947,2.1610170058246454,0.48571451400498833,1.0802694399739854,0.9287910011600985
14228231,STEELES AVE E / MARYDALE AVE,491.42261904761904,961,24,303.4316207440336,168,132.3816087357189,7,11794.142857142857,1.9555469421867997,0.61745554433796,1.0792253862964527,0.8396690048117165
30138348,YONGE ST / WELLINGTON ST,491.05357142857144,1109,61,224.63218795935737,168,54.55969798329969,7,11785.285714285714,2.2584093967053347,0.4574494536428238,1.078414911678902,0.9689832740230943
107543,PROGRESS AVE / 401 C E PROGRESS AV RAMP / PRIVATE ACCESS,490.53472222222223,1123,18,327.7596533960943,144,0.030445809902231905,3,11772.833333333334,2.2893384486883646,0.668168100132191,1.0772754540848721,0.9812157048944408
1316,O CONNOR DR / DONLANDS AVE,489.9236111111111,1184,15,339.58405408420947,144,59.54881102362967,3,11758.166666666666,2.416703284242158,0.6931367388357903,1.0759333778364544,1.0345141536910223
9011460,EGLINTON AVE E / MARKHAM RD,489.55357142857144,1067,38,298.9845640965547,168,68.90395919004995,7,11749.285714285714,2.1795367499544045,0.6107290019845728,1.0751207245236951,0.9322859814090546
9326,JANE ST / ST CLAIR AVE W,482.6640625,1220,18,315.9277749226369,768,87.60576355621468,16,11583.9375,2.527637946941616,0.6545500265469566,1.0599905033115742,1.0659689759316275
911125,RATHBURN RD / THE WEST MALL,478.5833333333333,1012,10,332.27499005204186,72,54.7053786473324,3,11486.0,2.1145742643217833,0.6942886784998263,1.0510287129084337,0.8842300029859075
10865133,DUFFERIN ST / BLOOR ST W,472.40555555555557,1014,52,257.3459502898963,360,51.528092074976385,12,11337.733333333334,2.146460785812567,0.5447564010699532,1.0374615421062494,0.8859774931103855
8681095,YONGE ST / SHAFTESBURY AVE / ALCORN AVE,471.8541666666667,951,40,251.06107603250928,144,31.940982952820224,3,11324.5,2.0154532208927547,0.5320734535547019,1.0362506233093818,0.8309315541893261
1145100,DUNDAS ST W / BATHURST ST,471.6309523809524,956,59,210.63975215600684,336,83.98149205627936,7,11319.142857142857,2.027008607416008,0.4466198647324273,1.035760416887476,0.8353002795005213
105259,BIRCHMOUNT RD / L AMOREAUX DR / SILVER SPRINGS BLVD,471.1574074074074,1345,4,364.2966759811591,216,97.25446949568651,3,11307.777777777777,2.8546723002849563,0.7731952639474342,1.0347204530412997,1.1751871087115076
7792579,BAY ST / COLLEGE ST,469.36742424242425,1159,30,269.15515872281645,264,60.46994031330921,11,11264.818181818182,2.469280866414339,0.5734423498972953,1.0307894266745505,1.0126705271350462
30075775,EVANS AVE / GAIR DR,469.18055555555554,1649,20,311.94062264367517,720,101.85551629613522,15,11260.333333333334,3.5146384062046714,0.6648626396597085,1.030379039722555,1.4408056076321754
9203,SCARLETT RD / EDINBOROUGH CRT,467.8333333333333,956,22,288.38855393714573,144,67.36361606290517,3,11228.0,2.043462771642323,0.6164343867555663,1.0274203716294528,0.8353002795005213
10476749,QUEEN ST W / AUGUSTA AVE,467.0892857142857,1333,9,343.79497240221616,336,38.56713347217986,7,11210.142857142857,2.853844095270864,0.7360369482174601,1.0257863502231004,1.164702167964639
911289,KIPLING AVE / BURNHAMTHORPE RD,465.91477272727275,1571,7,359.07213803407984,1056,77.39847363572339,29,11181.954545454546,3.371861318764405,0.7706820196582731,1.0232069731594726,1.3726534927775302
8457366,KING ST W / BATHURST ST,465.2261904761905,1097,66,226.9640435032709,336,39.2240162364416,7,11165.42857142857,2.3579927838481027,0.4878574081802184,1.0216947606215936,0.9584983332762258
5158941,BIRCHMOUNT RD / MCNICOLL AVE,464.6666666666667,1241,9,337.3886448510362,216,60.51776673098403,6,11152.0,2.670731707317073,0.7260874709850133,1.0204659765240165,1.0843176222386475
14038256,MCNICOLL AVE / SILVER STAR BLVD,464.06944444444446,1047,16,325.66072929124243,72,113.369967139367,3,11137.666666666666,2.256127854427917,0.7017499927863243,1.0191544020085177,0.9148110801642738
1144172,BLOOR ST W / LANSDOWNE AVE,463.68541666666664,1059,61,237.65452504278653,480,48.45949336848972,10,11128.45,2.2838760114840793,0.5125339648402857,1.0183110290933188,0.9252960209111423
8293064,BLOOR ST W / ROYAL YORK RD,461.64732142857144,1135,6,315.14843902790733,672,73.98285747460116,14,11079.535714285714,2.4585867767795837,0.6826606034508722,1.0138351176570382,0.9917006456413092
104380,MCNICOLL AVE / INNISLAWN RD,461.06944444444446,1109,13,319.4338004282343,72,44.27048926633365,3,11065.666666666666,2.405277585323975,0.6928106042965589,1.0125660276981043,0.9689832740230943
10759093,DUNDAS ST W / SORAUREN AVE,456.5,944,47,262.52424463462233,144,82.3908345493212,3,10956.0,2.067907995618839,0.5750804920802242,1.0025309575678913,0.8248153387536529
445943,LAWRENCE AVE W / CALEDONIA RD,454.89285714285717,1458,7,331.4403203742233,672,35.710978365057834,14,10917.42857142857,3.205150349375834,0.728611837204856,0.99900147133017,1.2739203007445188
8677192,YONGE ST / CHURCH ST / DAVENPORT RD,451.71875,1121,18,296.619311846989,672,67.09235907556904,14,10841.25,2.4816326530612245,0.6566460033970009,0.9920307360106703,0.9794682147699627
14036376,QUEEN ST E / CHURCH ST,451.30357142857144,1216,15,317.86795829806425,336,61.763398633167405,7,10831.285714285714,2.6944169667233804,0.7043329111973884,0.9911189520659256,1.0624739956826714
1137998,MOUNT PLEASANT RD / BLYTHWOOD RD,449.5684523809524,1214,6,316.89242218863916,336,57.947500873095976,7,10789.642857142857,2.7003674158419115,0.70488136013626,0.9873084141463115,1.0607265055581934
445295,ALBION RD / WESTON RD ALBION RD RAMP,446.9074074074074,1592,2,379.14995590287765,216,58.59492851423355,3,10725.777777777777,3.5622591472257907,0.8483859287595986,0.9814644273654587,1.3910021390845502
30069327,WARDEN AVE / ST CLAIR AVE E,445.29761904761904,1143,21,295.6498344178956,336,43.03393360364452,14,10687.142857142857,2.5668226172971527,0.663937604360466,0.9779291312738481,0.9986906061392216
107766,BRIMLEY RD / PROGRESS AVE,445.06944444444446,1365,12,328.20720175843417,288,102.36404936961246,3,10681.666666666666,3.0669371196754565,0.7374291941522003,0.9774280313759001,1.1926620099562881
30152740,KING ST W / STANLEY TER,444.2470238095238,1016,80,206.74876596952595,336,55.749712548636595,7,10661.92857142857,2.2870158842878867,0.4653914486508118,0.9756218930480783,0.8877249832348636
6924849,BATHURST ST / LENNOX ST,442.20238095238096,838,63,197.66064669473832,168,73.94923108736548,7,10612.857142857143,1.895059900390362,0.4469913668692427,0.9711316022234217,0.7321983621563147
60017993,BLOOR ST W / MARKLAND DR,441.1875,1240,22,320.0034083898466,144,144.26470079445733,3,10588.5,2.810596401756623,0.725322925943837,0.9689027970251568,1.0834438771764083
908800,ISLINGTON AVE / WINNIPEG RD / 25m NORTH OF,439.6666666666667,824,30,258.38799238727995,48,11.683981868287352,1,10552.0,1.8741470811220622,0.5876906574388475,0.9655628572705723,0.7199659312849681
14014794,DUNDAS ST W / KEELE ST,435.23214285714283,945,42,208.8038563495397,336,52.70111389132961,7,10445.57142857143,2.1712550773396795,0.4797528394360244,0.9558240896887114,0.8256890838158919
14014894,JANE ST / ANNETTE ST / BABY POINT RD,433.63690476190476,1084,20,270.3933090644597,672,29.054217271250337,14,10407.285714285714,2.4997872369631167,0.6235477333575273,0.9523207477934916,0.9471396474671183
10759265,BLOOR ST / YONGE ST,433.43055555555554,789,86,185.26694604702507,144,25.219745401359106,3,10402.333333333334,1.8203608164834812,0.42744320554317317,0.9518675791901299,0.6893848541066018
10224288,BAY ST / WELLINGTON ST W,431.6904761904762,1162,30,236.72307144267106,504,96.56426898845419,14,10360.57142857143,2.691743422866913,0.5483629695324133,0.9480461477944735,1.0152917623217632
104268,BIRCHMOUNT RD / FUNDY BAY BLVD / IVY BUSH AVE,430.9259259259259,1257,12,325.6834589256007,216,105.64899891237057,3,10342.222222222223,2.9169746454662655,0.7557759682845911,0.9463671000204792,1.098297543234472
909269,EGLINTON AVE W / SCARLETT RD,425.4916666666667,1254,14,309.15481783693485,480,82.68844428980479,10,10211.8,2.9471787539904817,0.7265825445157991,0.9344327886538695,1.095676308047755
14025107,DANFORTH AVE / PAPE AVE,424.962962962963,1148,19,256.32328518660654,216,28.87783529751552,6,10199.111111111111,2.7014118877462088,0.6031661757049308,0.9332716893541022,1.0030593314504168
1142152,QUEEN ST E / WOODBINE AVE,424.40856481481484,2028,10,371.3353978884004,864,27.574104122631496,18,10185.805555555555,4.778414405668018,0.8749479361954624,0.9320541618484356,1.771954986220771
1140130,DANFORTH AVE / GREENWOOD AVE,424.0138888888889,1018,57,230.64697651991403,144,43.56967300152386,3,10176.333333333334,2.4008647515477084,0.543960899781644,0.9311874042713326,0.8894724733593417
110545,LAWRENCE AVE E / PHARMACY AVE,423.00138888888887,1379,5,340.928762964795,720,64.63571593569488,15,10152.033333333333,3.260036577237401,0.8059755166769627,0.928963827941568,1.2048944408276347
906945,KIPLING AVE / PENLEA AVE,420.94940476190476,1098,26,282.22919732114923,336,134.3101487563013,14,10102.785714285714,2.6083894823917024,0.6704587157707997,0.9244574147723686,0.9593720783384648
12267392,QUEEN ST W / SHAW ST,420.84722222222223,915,58,209.04204814899774,144,49.89662746056995,3,10100.333333333334,2.1741856704399196,0.496717186453511,0.9242330091658962,0.7994767319487207
110957,EGLINTON AVE E / DANFORTH RD,418.5416666666667,974,26,246.62506584629278,480,65.85052120398404,10,10045.0,2.3271279243404677,0.5892485396028897,0.919169721501412,0.851027690620824
14012686,ST CLAIR AVE W / KEELE ST / WESTON RD,415.7200520833333,760,25,226.43745898319605,768,84.68384518890264,16,9977.28125,1.828153335859907,0.5446873631628562,0.9129731038231717,0.6640462473016696
104630,MCNICOLL AVE / EAGLE POINT RD,414.90277777777777,1229,5,312.7012095048506,144,39.93870230669442,3,9957.666666666666,2.9621397248351355,0.7536734537659172,0.9111782674767439,1.073832681491779
5503138,EGLINTON AVE W / RENFORTH DR,414.6279761904762,1810,11,336.3739026375706,672,72.80705732744266,14,9951.07142857143,4.3653590783476295,0.811266778783503,0.9105747689039978,1.5814785626526606
1142720,BLOOR ST W / SPADINA AVE / SPADINA RD,413.2708333333333,1109,78,211.303090527407,144,25.483361436736793,3,9918.5,2.6834702828048598,0.5112944671732387,0.9075943138588107,0.9689832740230943
1846,MORTIMER AVE / PAPE AVE,412.61805555555554,853,43,245.6907771842392,144,43.780146722781545,3,9902.833333333334,2.0672871400440953,0.5954435921458581,0.9061607324116375,0.7453045380899003
8754180,QUEEN ST E / RIVER ST,412.26785714285717,1565,10,360.69489608593926,168,51.44968863332582,7,9894.42857142857,3.7960757136050587,0.8749042396505652,0.9053916530030477,1.367411022404096
30053063,ST CLAIR AVE W / SPADINA RD,412.1692708333333,876,22,229.75196646580503,768,51.606100870455215,16,9892.0625,2.125340392865492,0.55742138660965,0.9051751451667058,0.7654006745213981
103265,STEELES AVE E / BIRCHMOUNT RD,411.99305555555554,1134,11,294.6094088523978,288,124.2312532439546,6,9887.833333333334,2.7524735786404166,0.7150834337611085,0.9047881544303014,0.9908269005790702
5868170,DUFFERIN ST / DAVENPORT RD,411.54017857142856,1247,22,266.7996421547774,672,49.12447165826112,14,9876.964285714286,3.0300808157509356,0.6482954910524504,0.9037935800676349,1.0895600926120816
909099,SCARLETT RD / LA ROSE AVE,408.875,904,14,262.6796521437275,144,81.81393623277512,3,9813.0,2.2109446652399876,0.642444884484812,0.8979405153900802,0.7898655362640913
4382042,BIRCHMOUNT RD / BONNIEWOOD RD,407.1111111111111,933,15,269.87917314811375,288,132.48581024460444,3,9770.666666666666,2.2917576419213974,0.6629128161389257,0.8940667953094205,0.8152041430690233
60008454,KENNEDY RD / PROGRESS AVE / GLAMORGAN AVE,406.9861111111111,1590,3,437.12695162129023,144,94.53853558454718,3,9767.666666666666,3.9067672251987853,1.0740586464434665,0.8937922797131532,1.3892546489600721
103662,BIRCHMOUNT RD / SANWOOD BLVD / WINTERMUTE BLVD,405.9861111111111,928,10,286.21205046704586,72,51.755885094973635,3,9743.666666666666,2.2857924805856795,0.7049799060458863,0.8915961549430155,0.8108354177578282
10222712,SPADINA AVE / KING ST W,402.5892857142857,814,105,150.72675010857972,336,106.81690341127607,7,9662.142857142857,2.0219117320913726,0.3743933469097567,0.8841363025492143,0.7112284806625777
4023418,PAPE AVE / FLOYD AVE,402.50694444444446,775,35,232.50559799344748,144,51.97986047400613,3,9660.166666666666,1.9254326184848432,0.5776436933637521,0.8839554708469113,0.6771524232352553
1546,DONLANDS AVE / COSBURN AVE,401.97222222222223,947,26,253.677068666159,144,28.025999502649295,3,9647.333333333334,2.355884182157418,0.6310810912847573,0.8827811541295459,0.82743657394037
1151,BAYVIEW AVE / MOORE AVE,399.5833333333333,968,4,302.75089699917123,72,65.56816932419714,3,9590.0,2.4225234619395204,0.7576664784129415,0.8775348560675501,0.8457852202473898
9345078,PROGRESS AVE / BELLAMY RD N / CORPORATE DR,399.11805555555554,1222,14,307.32601528623826,144,64.50024339789036,3,9578.833333333334,3.061750735127799,0.7700128095143512,0.8765130480147776,1.0677164660561056
3842020,ST CLAIR AVE E / BRIMLEY RD,398.8802083333333,1037,16,282.3683703419876,192,132.0928199804468,8,9573.125,2.599778024417314,0.7079026846727378,0.875990705838547,0.9060736295418834
7569551,QUEEN ST W / STRACHAN AVE,396.5327380952381,1234,10,299.43397169097176,336,71.18334394210282,7,9516.785714285714,3.1119750816226968,0.7551305174178445,0.8708353683015048,1.0782014068029742
8754168,QUEEN ST E / SUMACH ST,395.2202380952381,1300,14,311.54604672292913,168,49.443568132704726,7,9485.285714285714,3.289305239694565,0.7882846491475834,0.867952954540699,1.1358685809107507
11092409,PHARMACY AVE / ST CLAIR AVE E,395.06944444444446,1061,15,288.79205171645646,720,67.81199132301367,15,9481.666666666666,2.6856037968008435,0.7309906037470509,0.8676217928690115,0.9270435110356203
8834,ROGERS RD / CALEDONIA RD,394.82440476190476,854,11,248.38832896667736,672,62.297988754530174,14,9475.785714285714,2.1629868612478425,0.6291108806115105,0.8670836551525195,0.7461782831521393
1145369,QUEEN ST W / ST PATRICK ST,392.76785714285717,1142,14,293.70905439804625,336,50.67546269416702,7,9426.42857142857,2.9075699022505113,0.7477930005133252,0.8625672199853612,0.9978168610769825
12353189,KING ST W / DUFFERIN ST,391.06944444444446,884,56,232.63298784105626,144,61.07116551111605,3,9385.666666666666,2.2604680896402316,0.594863626258339,0.8588372937884605,0.7723906350193105
8344780,OLD WESTON RD / DAVENPORT RD,389.7455357142857,1013,22,246.44353617515384,672,23.158939653902124,14,9353.892857142857,2.5991317595042553,0.6323190738374908,0.8559298250327573,0.8851037480481465
9383460,LAWRENCE AVE W / THE WESTWAY / ROYAL YORK RD,389.6904761904762,1036,5,272.332302552422,336,95.36403225055874,7,9352.57142857143,2.658520193071424,0.6988425922405892,0.8558089074486872,0.9051998844796444
908480,LAWRENCE AVE W / SCARLETT RD,386.5416666666667,1354,14,277.11622324039473,480,47.37401748536658,10,9277.0,3.50285652689447,0.7169116479216852,0.8488937288570034,1.1830508142716587
1143576,BLOOR ST W / OSSINGTON AVE,385.7083333333333,975,58,187.78060515276312,480,47.10134518383934,10,9257.0,2.5278167872961004,0.4868461190090002,0.8470636248818885,0.851901435683063
107262,PROGRESS AVE / CORPORATE DR / PRIVATE ACCESS,385.15972222222223,1058,3,307.1501458125156,144,111.64721973190946,3,9243.833333333334,2.746912355985071,0.7974617492202413,0.8458588064316046,0.9244222758489032
14021286,BLOOR ST W / BATHURST ST,384.56041666666664,1050,47,175.70012795765234,480,39.988244251240616,17,9229.45,2.7303902182686945,0.456885629261078,0.8445426566561679,0.9174323153509909
1140808,DUFFERIN ST / ST CLAIR AVE W,383.02416666666664,1147,20,250.61950315589436,1200,49.13785630281505,25,9192.58,2.9945891142638956,0.6543177297060744,0.8411688599780437,1.0021855863881777
10663238,SCARLETT RD / ALMA DR / SCARLETTWOOD CRT,382.9375,916,14,244.86628915172676,144,69.07430042476523,3,9190.5,2.3920352537946794,0.6394419171580917,0.8409785291646318,0.8003504770109597
111688,BIRCHMOUNT RD / COMSTOCK RD / PRIVATE ACCESS,381.8425925925926,933,18,247.04612739558215,216,81.30261489845064,3,9164.222222222223,2.443415213753971,0.646984208121508,0.8385739758862171,0.8152041430690233
12834067,NEILSON RD / MCLEVIN AVE,381.15,806,17,219.93097106461875,360,139.39573487270147,15,9147.6,2.114653023743933,0.5770194701944609,0.8370529561380106,0.7042385201646655
8168391,KING ST W / JAMESON AVE,377.71527777777777,803,52,199.757743601077,144,55.70649919109605,3,9065.166666666666,2.125939953301098,0.5288579926560477,0.8295098775872457,0.7016172849779483
14019838,DUNDAS ST W / OSSINGTON AVE,373.15384615384613,884,36,183.742541066851,624,49.752197916550244,13,8955.692307692309,2.3689960832817976,0.4924042535289761,0.8194924046106397,0.7723906350193105
112092,DANFORTH RD / KENNEDY RD,371.28333333333336,894,25,229.22329043068834,240,73.81076748662377,10,8910.8,2.4078646137271624,0.6173810398995062,0.8153845250726512,0.7811280856417009
10560685,GERRARD ST E / WOODBINE AVE,370.95089285714283,1234,10,273.55722973917125,672,74.76421451938972,14,8902.82142857143,3.3265858736596345,0.7374486354033958,0.8146544443082929,1.0782014068029742
8930395,EGLINTON AVE E / CEDAR DR / PRIVATE ACCESS,370.625,787,35,209.94900114988005,168,140.64099448240805,7,8895.0,2.123440134907251,0.5664728530182261,0.8139387429323105,0.6876373639821237
8106186,RATHBURN RD / THE EAST MALL,370.4236111111111,1028,5,282.0422916227135,144,64.48519100565889,3,8890.166666666666,2.7752010648469283,0.7614047354506055,0.8134964678049911,0.898209923981732
6388011,DUNDAS ST E / MUNRO ST,365.5625,945,19,260.83718784680565,48,32.69061963533265,1,8773.5,2.58505727474782,0.7135228253631203,0.8028208612834881,0.8256890838158919
20098087,PAPE AVE / LIPTON AVE,365.2361111111111,617,44,197.97314464736107,72,17.256647549737295,3,8765.666666666666,1.6893181731756475,0.5420415414157508,0.8021040705599014,0.5391007034014871
11816845,EGLINTON AVE E / LAIRD DR,360.5833333333333,1301,0,353.5255700388992,144,63.23143334912012,3,8654.0,3.608042523688468,0.9804268177644536,0.7918859900321771,1.1367423259729896
14659946,STEELES AVE W / MARTIN GROVE RD,358.19444444444446,1181,9,262.66872107629615,144,112.15757545100452,3,8596.666666666666,3.2970918960837534,0.7333132189799659,0.7866396919701814,1.031892918504305
112861,DANFORTH RD / WARDEN AVE,354.87916666666666,923,21,206.54262497726273,480,67.79910152690269,10,8517.1,2.6008852778527904,0.5820083126245208,0.7793589283225163,0.806466692446633
103472,MCCOWAN RD / MCNICOLL AVE,354.43055555555554,879,11,243.1960216958762,72,104.81599374552574,3,8506.333333333334,2.480034484109879,0.6861598637134326,0.7783737223492461,0.7680219097081152
1712,PAPE AVE / COSBURN AVE,354.35243055555554,886,24,209.23447823205115,576,55.736705037438654,12,8504.458333333334,2.5003356082838906,0.5904699959416456,0.7782021501015791,0.7741381251437885
108009,MIDLAND AVE / PROGRESS AVE,353.7083333333333,729,15,247.60904199171796,72,123.57852897444036,3,8489.0,2.0610201437153965,0.700037343362143,0.7767876322374799,0.6369601503722594
1146584,QUEEN ST W / DOVERCOURT RD,349.7232142857143,823,47,165.62939441810792,336,43.168248148410626,7,8393.357142857143,2.353289591258393,0.4736013728925448,0.7680358135850559,0.7190921862227291
20230566,BLOOR ST W / DUNDAS ST W / DUNBLOOR RD,347.6666666666667,865,0,223.31502591272982,168,35.18762316375485,7,8344.0,2.4880153403643335,0.6423250985025786,0.7635193784178976,0.7557894788367687
10906585,DUNDAS ST W / BAY ST,345.9537037037037,715,0,179.87249334170224,432,101.71553760487465,18,8302.888888888889,2.0667505285978107,0.5199322667051319,0.759757498024606,0.6247277195009129
1456,O CONNOR DR / PAPE AVE,344.30555555555554,663,23,206.25787640066397,144,98.62872695164957,3,8263.333333333334,1.9256151674062123,0.5990547438825254,0.7561379590516012,0.5792929762644828
1146180,KING ST W / SIMCOE ST,340.9761904761905,577,66,127.38723802543149,168,28.81755492864547,7,8183.428571428572,1.6922002653445989,0.373595698419672,0.7488262579319759,0.5041509009119255
9340282,DUFFERIN ST / DUNDAS ST W,339.88734567901236,854,0,184.01318234578756,648,45.60884759064294,14,8157.2962962962965,2.5125972203934674,0.5413946258522038,0.7464350189020573,0.7461782831521393
11048448,RENFORTH DR / RATHBURN RD,339.19444444444446,850,6,250.19872598876773,144,78.84075873165372,3,8140.666666666667,2.505937269674883,0.7376262497416787,0.7449133213375637,0.7426833029031832
841,SOUTHVALE DR / MILLWOOD RD / PRIVATE ACCESS,337.96527777777777,1238,1,320.49938006160977,432,50.6594455031569,3,8111.166666666667,3.6630981979575483,0.9483204374395753,0.7422139179742694,1.0816963870519303
906423,STEELES AVE W / KIPLING AVE,337.8888888888889,829,16,199.48283173095413,144,68.4216500248111,3,8109.333333333333,2.453469253535021,0.5903799689505383,0.7420461584432172,0.7243346565961634
30120462,DUNDAS ST W / LANSDOWNE AVE,336.125,779,45,190.02877496496504,144,32.41318756961184,3,8067.0,2.317590182223875,0.5653515060318781,0.7381724383625575,0.6806474034842114
436533,STEELES AVE E / WILLOWDALE AVE,335.6388888888889,949,6,250.214470553326,144,48.42590890275584,3,8055.333333333333,2.827443515683191,0.74548712570717,0.7371048777104072,0.829184064064848
10784605,QUEEN ST W / DUFFERIN ST,334.75,795,39,168.03343211880016,240,34.374823065105964,5,8034.0,2.374906646751307,0.5019669368746831,0.7351527668036181,0.6946273244800361
1140818,DAVENPORT RD / SPADINA RD,334.6887254901961,1255,10,239.3766827425504,816,49.9031162847708,17,8032.529411764706,3.749752843218384,0.7152218300510466,0.7350182003348597,1.0965500531099939
9171609,ST CLAIR AVE W / CHRISTIE ST,331.9544270833333,838,23,200.61225518279764,768,33.5771709371409,16,7966.90625,2.524442910320427,0.604336736658241,0.7290133398746,0.7321983621563147
14023125,BROADVIEW AVE / DUNDAS ST E,329.7083333333333,1479,0,244.90323583714598,720,21.351760495979043,25,7913.0,4.485782888916972,0.742787521811134,0.7240806377541734,1.2922689470515387
10410694,DONLANDS AVE / MORTIMER AVE,329.03472222222223,810,18,206.28388386875557,144,50.38615986907462,3,7896.833333333333,2.461746269601739,0.6269365204850215,0.7226013037076224,0.7077335004136216
1146918,QUEEN ST W / LANSDOWNE AVE / JAMESON AVE,328.8511904761905,748,47,161.71296258258099,336,40.1133966441562,7,7892.428571428572,2.2745850453418286,0.4917511849308307,0.7221982450940554,0.6535613065548012
20051673,LAWRENCE AVE E / PORT UNION RD,326.125,1284,6,248.33948328222905,720,91.93809316709661,15,7827.0,3.9371406669221924,0.7614855754150374,0.7162111906611799,1.121888659914926
106362,NEILSON RD / MILITARY TRL,326.0472222222222,748,18,204.13635044850577,360,64.84354067984734,15,7825.133333333333,2.2941462126310945,0.6260944321414083,0.7160403809568358,0.6535613065548012
1145285,QUEEN ST W / YORK ST,322.65625,664,45,174.19751814807054,96,68.06546335775879,4,7743.75,2.057917675544794,0.5398857705315504,0.7085933828647645,0.5801667213267219
112324,BIRCHMOUNT RD / NEWLANDS AVE,322.5763888888889,648,17,203.59907056889776,144,54.75492748980045,3,7741.833333333333,2.0088265053497234,0.6311654466410039,0.7084179979004827,0.5661868003308973
913885,ISLINGTON AVE / EVANS AVE,322.4583333333333,777,16,220.80422374320926,360,55.10665778864867,15,7739.0,2.409613645173795,0.6847527290136998,0.7081587331706747,0.6788999133597333
14020151,SPADINA AVE / DUNDAS ST W,322.0907738095238,848,0,175.09870949485162,672,36.016966180163834,14,7730.178571428572,2.632798170435908,0.5436315589666673,0.7073515265959365,0.7409358127787051
437752,FINCH AVE E / WILLOWDALE AVE,321.7857142857143,869,3,236.9942808086594,168,51.12985164692981,7,7722.857142857143,2.700554938956715,0.7364972100602069,0.706681577819332,0.7592844590857248
8741191,YONGE ST / ST CLAIR AVE,319.7682291666667,750,15,207.80432634579796,384,34.372467684945775,16,7674.4375,2.3454487706753753,0.6498592023583684,0.7022509287760073,0.6553087966792792
9246435,MARKHAM RD / MCNICOLL AVE,319.60625,1198,1,250.36828231143468,480,100.62181560891432,10,7670.55,3.7483622426032035,0.7833647881148591,0.7018952023158442,1.0467465845623687
10775194,QUEEN ST W / SORAUREN AVE,317.63194444444446,766,45,177.96942247490958,144,47.28116491824424,3,7623.166666666667,2.41159623078773,0.5603007681931608,0.6975593809814681,0.6692887176751039
111980,ST CLAIR AVE E / KENNEDY RD,316.81944444444446,723,23,194.69827334816665,72,109.92499763255968,3,7603.666666666667,2.2820569023716626,0.6145401640028056,0.6957750296057312,0.6317176799988252
10475569,BATHURST ST / QUEEN ST W,315.7760416666667,823,41,144.33268306953423,192,66.39878069307643,4,7578.625,2.606277523957182,0.4570729378573054,0.6934835869202228,0.7190921862227291
3232748,DONLANDS AVE / MILLWOOD RD / PAPE AVE,309.66435185185185,1017,0,267.8356940452175,432,32.81670736670201,3,7431.944444444444,3.2842010839095495,0.864922592618456,0.6800615535305092,0.8885987282971026
107942,KINGSTON RD / MORNINGSIDE AVE,308.86309523809524,711,12,204.10440927958442,168,124.15681633611905,7,7412.714285714285,2.301990788028291,0.6608248522609836,0.6783018940338017,0.6212327392519568
437058,CUMMER AVE / MAXOME AVE,305.77777777777777,700,10,215.43249798802032,72,49.45154413203708,3,7338.666666666667,2.2892441860465116,0.7045394192922176,0.67152615193546,0.6116215435673273
4429233,FINCH AVE E / PHARMACY AVE,305.7111111111111,1596,1,255.42384506426708,720,91.17234769800226,15,7337.066666666667,5.220614959656902,0.8355072347090222,0.6713797436174508,1.3944971193335063
11485139,BAYVIEW AVE / CUMMER AVE,304.97222222222223,773,2,224.0248158220828,144,107.32888095390656,3,7319.333333333333,2.534657072593132,0.7345744939971747,0.6697570514261824,0.6754049331107771
13503858,MILNER AVE / PROGRESS AVE,299.19444444444446,810,15,225.97330260415245,72,98.4801319911756,3,7180.666666666667,2.707269520007427,0.7552723882415271,0.657068330532053,0.7077335004136216
437149,CUMMER AVE / WILLOWDALE AVE,298.6875,626,2,207.1028415438196,144,62.69672444296854,3,7168.5,2.0958359489432934,0.6933763265748303,0.6559550172805249,0.5469644089616384
910865,MARTIN GROVE RD / RATHBURN RD,298.1666666666667,943,4,238.92193768612444,144,37.35606545677183,3,7156.0,3.16266070430408,0.8013033125303223,0.6548112022960781,0.8239415936914137
1835,DONLANDS AVE / SAMMON AVE,296.22222222222223,576,23,173.98498626828538,144,43.675549533381215,3,7109.333333333333,1.9444861215303826,0.5873461651967623,0.6505409596874768,0.5032771558496865
112816,DANFORTH AVE / BIRCHMOUNT RD,294.64375,1099,11,230.74461513518165,480,74.61966128560682,17,7071.45,3.7299280911269963,0.7831308661228403,0.6470744377412803,0.9602458234007039
112424,DANFORTH RD / BIRCHMOUNT RD,294.3333333333333,598,11,195.49453160667147,144,72.21842574177849,3,7064.0,2.0317100792751983,0.6641943316194954,0.6463927240105499,0.5224995472189453
7762832,YONGE ST / DUNDAS ST,291.23511904761904,626,0,155.07493061824803,336,25.888955971509933,14,6989.642857142857,2.1494660467017526,0.5324733195823549,0.6395886588744981,0.5469644089616384
2458256,MIDDLEFIELD RD / MCNICOLL AVE,290.7013888888889,731,4,205.56713567782367,144,101.66623081380119,3,6976.833333333333,2.5146078688994526,0.7071419110295168,0.6384165208523412,0.6387076404967376
112927,DANFORTH AVE / WARDEN AVE,290.35565476190476,884,14,211.4843150142278,672,42.40589585876857,14,6968.535714285715,3.0445420486984864,0.7283629973993362,0.6376572455721894,0.7723906350193105
6148565,DUNDAS ST W / SCARLETT RD,290.27777777777777,617,7,196.44762210729834,72,18.489477062476375,3,6966.666666666667,2.1255502392344496,0.6767573584557647,0.6374862179983245,0.5391007034014871
1145286,UNIVERSITY AVE / QUEEN ST W,280.7395833333333,473,57,123.47454413054385,96,35.0748224197238,4,6737.75,1.6848354420986236,0.4398187910108052,0.6165391529164896,0.41328141443906546
8344723,KING ST W / DOWLING AVE,277.03472222222223,915,33,190.51602407486075,144,54.74102869444292,3,6648.833333333333,3.302835083849297,0.6876972768851665,0.6084028156604584,0.7994767319487207
9950494,QUEEN ST E / BEECH AVE,268.2083333333333,1090,7,221.48974030659306,192,51.01257172933884,4,6437.0,4.064004971259904,0.8258122987973021,0.5890189643907007,0.9523821178405525
7552946,MCNICOLL AVE / DYNAMIC DR,265.77777777777777,603,5,180.22606023944698,144,38.381151765681004,3,6378.666666666667,2.2688127090301005,0.6781080861852102,0.5836811611299492,0.5268682725301406
8708805,KING ST E / RIVER ST / LOWER RIVER ST,259.875,868,24,175.2063668335743,144,42.76274652884996,3,6237.0,3.34006734006734,0.6741947737703676,0.5707179246395526,0.7584107140234858
774,BAYVIEW AVE / MILLWOOD RD,259.625,901,1,222.19311341975202,216,40.09098652771635,6,6231.0,3.4703899855560905,0.8558232582368879,0.5701688934470183,0.7872443010773741
11484469,MCNICOLL AVE / HAROLD EVANS CRES / PLACER CRT,255.70833333333334,582,6,178.9039743612576,72,123.25402725919058,3,6137.0,2.2760306338601923,0.6996407666074926,0.5615674047639786,0.5085196262231207
8802578,KIPLING AVE / RATHBURN RD,254.75,600,4,188.1397255712577,72,46.44989712665865,3,6114.0,2.355250245338567,0.7385268913493924,0.5594627851925966,0.5242470373434234
30006234,DON MILLS RD / MCNICOLL AVE,253.49305555555554,659,3,189.30239975456212,144,41.363080130274945,3,6083.833333333333,2.599676738898173,0.7467754859780551,0.556702378363465,0.5757979960155267
436665,STEELES AVE W / HILDA AVE,251.73611111111111,725,5,190.1359832158082,144,89.28292733746855,3,6041.666666666667,2.88,0.7552988022917623,0.5528439091492647,0.6334651701233033
30097830,KING ST E / JARVIS ST,241.14285714285714,569,40,118.85427527467948,168,17.72170248204839,7,5787.428571428572,2.359597156398104,0.49287910362722537,0.5295798017132219,0.4971609404140132
914456,KIPLING AVE / BIRMINGHAM ST,233.7827380952381,593,7,163.40314708492176,336,123.7137622198685,14,5610.785714285715,2.536543137579407,0.6989530040423891,0.513416061961583,0.5181308219077502
30058963,LAWRENCE AVE E / BRIDGEPORT DR / CHARLOTTETOWN BLVD,231.50520833333334,609,9,155.29411370955418,192,92.06531120107654,8,5556.125,2.63061036243785,0.670801814039335,0.508414322436738,0.5321107429035747
107432,PROGRESS AVE / CONSILIUM PL / GRANGEWAY AVE,231.43055555555554,531,4,163.50688716931674,72,15.909423380306988,3,5554.333333333333,2.2944247734501593,0.706505183711865,0.5082503756223006,0.46395862804892973
9311781,PHARMACY AVE / MCNICOLL AVE,227.9375,1049,1,198.95573848439264,432,55.227435517304514,18,5470.5,4.602138744173293,0.8728521567727673,0.5005791897932776,0.9165585702887519
30073995,FRONT ST W / PORTLAND ST,226.91071428571428,946,1,195.45569655985267,336,109.61705742346236,7,5445.857142857143,4.169040686235933,0.8613771155545565,0.4983242402525112,0.8265628288781309
14036413,KING ST E / CHURCH ST,224.94642857142858,533,25,129.99669544066063,168,40.16397483367592,7,5398.714285714285,2.369453044375645,0.5779006862488684,0.49401042373974063,0.4657061181734078
7172010,YONGE ST / CUMMER AVE / DREWRY AVE,221.72222222222223,474,3,158.06187255488135,72,144.8483021715306,3,5321.333333333333,2.137810072663493,0.7128824119237945,0.4869296643122131,0.4141551595013045
5386858,PHARMACY AVE / DENTON AVE,216.9638888888889,699,14,157.50285804904505,720,70.74589531114151,15,5207.133333333333,3.2217342875798582,0.7259404265642799,0.4764797706143075,0.6107477985050883
13394624,SHEPPARD AVE E / MALVERN ST / PROGRESS AVE,216.72916666666666,608,5,156.12775917598603,144,57.01451888551386,3,5201.5,2.8053446121311163,0.7203818552770672,0.47596429132798346,0.5312369978413357
910357,ISLINGTON AVE / RATHBURN RD,215.67361111111111,572,3,164.5843601514102,144,46.39663403344009,3,5176.166666666667,2.6521557136877356,0.7631177467818228,0.4736461596261714,0.4997821756007303
437872,BATHURST ST / DREWRY AVE / ANTIBES DR,213.70833333333334,563,3,158.01756452781035,144,59.49009246719041,3,5129.0,2.6344316630922204,0.7394075938131114,0.46933016441819236,0.491918470040579
436461,LESLIE ST / CUMMER AVE / MCNICOLL AVE,208.27777777777777,615,2,169.55401987734072,144,62.77253690423538,3,4998.666666666667,2.952787409975994,0.8140763824465546,0.4574039868470275,0.537353213277009
437526,DREWRY AVE / HILDA AVE,207.31944444444446,441,1,148.20150218668917,72,50.62694414593226,3,4975.666666666667,2.1271521404166944,0.7148461283206016,0.4552993672756455,0.3853215724474162
437008,STEELES AVE W / CARPENTER RD / PRIVATE ACCESS,203.89583333333334,455,4,137.74145836728624,144,100.74370958923186,3,4893.5,2.231531623582303,0.6755481763185592,0.4477806901112155,0.3975540033187627
107427,PROGRESS AVE / BOROUGH DR,193.63888888888889,417,5,146.83173329690487,72,57.378722997056826,3,4647.333333333333,2.1534930426050782,0.7582760577662567,0.42525516035084404,0.36435169095367925
30032724,HUMBERWOOD BLVD / MORNING STAR DR,190.97916666666666,441,9,113.53983120134879,144,120.10840637324398,3,4583.5,2.3091523944583834,0.5945142246825289,0.41941407849693596,0.3853215724474162
5625173,STEELES AVE W / PETROLIA RD / TANDEM RD,185.60416666666666,568,3,155.4009575417575,144,148.36854247813787,3,4454.5,3.0602761252665847,0.8372708454376877,0.40760990785744544,0.4962871953517742
11034642,DAVENPORT RD / DUPONT ST,182.72222222222223,382,4,114.27903798903158,144,134.976735175273,3,4385.333333333333,2.090605047126786,0.6254249570697988,0.4012807982768401,0.3337706137753129
8354032,KING ST E / PARLIAMENT ST,182.30654761904762,526,25,104.53940806029907,336,56.18018283020718,7,4375.357142857143,2.885250183658477,0.5734265138888334,0.40036792498449114,0.45958990273773453
30073841,RENFORTH DR / CONVAIR DR,167.38888888888889,477,5,137.16444681507477,144,54.36405895081513,3,4017.3333333333335,2.849651510122801,0.8194357924564706,0.3676068851347276,0.4167763946880216
10324755,STEELES AVE W / TORRESDALE AVE / THURMAN RD,162.16666666666666,512,6,131.73373229274353,144,98.59293971276938,3,3892.0,3.1572456320657762,0.8123354509316147,0.3561382335573415,0.44735747186638797
914578,LAKE SHORE BLVD W / KIPLING AVE / COLONEL SAMUEL SMITH PARK DR,156.60714285714286,465,0,136.00739820589808,336,67.5321734862421,14,3758.5714285714284,2.96921322690992,0.8684622918506605,0.34392882560907556,0.4062914539411531
3327207,STEELES AVE W / HIDDEN TRL / CONLEY ST,149.38888888888889,405,1,108.5130336737411,144,59.44403412617208,3,3585.3333333333335,2.7110449981405726,0.7263795485784084,0.3280766392722478,0.3538667502068108
14630470,STEELES AVE E / STAINES RD,141.45833333333334,296,5,83.04492633634995,144,66.90478245595375,3,3395.0,2.092488954344624,0.5870628076796461,0.3106601497757386,0.25862853842275557
438163,STEELES AVE W / FOUNDERS RD,135.29861111111111,408,1,103.69448669762569,144,85.59983061285847,3,3247.1666666666665,3.01555201970949,0.7664120558670687,0.29713263122634825,0.35648798539352794
681,MILLWOOD RD / MCRAE DR,135.22916666666666,342,0,104.50166249890462,144,63.121735967926256,3,3245.5,2.529040209520875,0.7727745801798525,0.2969801225617553,0.29882081128575133
4236991,MCNICOLL AVE / TAPSCOTT RD,131.98611111111111,384,0,109.80758671173912,144,142.3269739528796,3,3167.6666666666665,2.9093970325160474,0.8319631951220895,0.2898579679252669,0.335518103899791
10335730,STEELES AVE W / CACTUS AVE / PALM GATE BLVD,131.93055555555554,403,1,102.16233159483005,144,74.26190704146894,3,3166.3333333333335,3.0546373302452894,0.7743644462393688,0.28973596099359256,0.35211926008233274
439144,STEELES AVE W / ROSSDEAN DR / DIRECTOR CRT,120.50694444444444,323,12,80.96869778727778,144,142.91886039576062,3,2892.1666666666665,2.6803434564628597,0.6719006789239901,0.2646482856680604,0.2822196551032096
102952,STEELES AVE E / STRAWBERRY HILLS DR / HILLCROFT DR,117.39583333333333,269,2,76.87890930420512,144,70.01885000943699,3,2817.5,2.2913930789707186,0.6548691475779673,0.25781589749429845,0.2350374217423015
436447,STEELES AVE E / MAXOME AVE / HENDERSON AVE,112.51388888888889,358,1,95.24153954394504,144,49.133732922063366,3,2700.3333333333335,3.1818294037773116,0.8464869580501225,0.24709453837341755,0.31280073228157595
436108,STEELES AVE E / TOWNSEND RD / STEELES AV E 404 S RAMP,112.40277777777777,272,2,71.91548258606511,144,33.6475678860584,3,2697.6666666666665,2.419869022612134,0.6398016491037549,0.24685052451006892,0.2376586569290186
14228205,STEELES AVE E / LAURELEAF RD S,104.45833333333333,225,1,72.54464504341807,144,36.67868241616435,3,2507.0,2.153968887116075,0.6944840371128974,0.2294035332806411,0.19659263900378376
103603,STEELES AVE E / FIREBRACE RD / PRIVATE ACCESS,103.09027777777777,279,2,73.08151528837764,144,36.71167493386576,3,2474.1666666666665,2.706365779723813,0.708907928698308,0.22639911258816095,0.2437748723646919
12047979,SHEPPARD AVE E / WILLOWDALE AVE,101.13690476190476,636,0,142.41408804015487,504,33.31315628550725,7,2427.285714285714,6.28850567947737,1.4081317633303525,0.2221092617226835,0.5557018595840288
906593,STEELES AVE W / SIGNAL HILL AVE / PRIVATE ACCESS,100.30555555555556,255,3,75.54744517464819,144,7.889388270087311,3,2407.3333333333335,2.542232068679036,0.7531730895284782,0.22028351513798564,0.22280499087095496
20052186,STEELES AVE E / MT CASTLE GT,98.83333333333333,240,1,65.20907740662935,144,35.57000498528371,3,2372.0,2.4283305227655987,0.6597883042829277,0.21705033144861613,0.20969881493736936
2735476,KINGSTON RD / DUNDAS ST E / DIXON AVE,97.05779569892474,724,0,135.51505116123238,744,51.18275958367674,17,2329.3870967741937,7.4594729334865875,1.3962304643884849,0.2131510292693796,0.6325914250610642
103003,STEELES AVE E / ASHCOTT ST / FENTON RD,96.89583333333333,218,1,62.63689553145318,144,64.7236613540893,3,2325.5,2.2498387443560524,0.6464353871231462,0.2127953397064742,0.1904764235681105
11047919,GERRARD ST E / PAPE AVE,94.88194444444444,242,1,77.77567676011184,144,29.70245550855358,3,2277.1666666666665,2.5505379492058844,0.8197099797596504,0.2083725884332801,0.21144630506184744
439239,STEELES AVE W / BARMAC DR / SCHOLES RD,87.09722222222223,266,1,75.6281221462153,144,148.27799049794464,3,2090.3333333333335,3.0540583638973047,0.8683184172424655,0.19127636713241594,0.23241618655558438
30039607,CHRISTIE ST / BARTON AVE,85.35416666666667,532,0,92.0383291170109,864,34.057677386952626,15,2048.5,6.232853307298023,1.0783109098404986,0.18744839965113413,0.46483237311116876
2215096,KINGSTON RD / BIRCHMOUNT RD,85.02083333333333,325,0,97.22998967195451,144,69.23586882991407,3,2040.5,3.822592501837785,1.1436019368423957,0.18671635806108822,0.2839671452276877
14024409,DUNDAS ST E / PAPE AVE,81.61111111111111,199,2,62.34542968776945,144,33.98545623806064,3,1958.6666666666667,2.4383934649421373,0.7639331071340028,0.1792281826295768,0.17387526738556877
1142745,BATHURST ST / BARTON AVE,78.12916666666666,407,0,72.72285290396925,720,50.901189836016805,15,1875.1,5.209322169484294,0.9308028743508411,0.17158139818688875,0.35561424033128886
1145237,COLLEGE ST / BROCK AVE,76.18055555555556,186,2,51.204874764901035,144,70.05042277448828,3,1828.3333333333333,2.441567912488605,0.6721515010160208,0.16730200505841197,0.16251658157646126
8432287,QUEEN ST E / PAPE AVE,73.88194444444444,167,4,50.862971889965394,144,22.830518990500643,3,1773.1666666666667,2.2603628160541405,0.6884357507430225,0.16225396826038696,0.14591542539391952
906427,STEELES AVE W / GIHON SPRING DR / PRIVATE ACCESS,63.479166666666664,182,1,40.71098350963384,144,106.44489792924291,3,1523.5,2.867082376107647,0.6413282600795617,0.13940817030437044,0.1590216013275051
30075834,ROYAL YORK RD / GOVERNMENT RD / 16m SOUTH OF,58.80555555555556,214,0,53.20943797472167,288,86.68450295078681,3,1411.3333333333333,3.639111950873878,0.9048369235191215,0.12914433717726823,0.18698144331915434
439095,STEELES AVE W / IRONDALE DR / PEARCE RD,52.388888888888886,149,1,45.17225943577566,144,147.39431929188834,3,1257.3333333333333,2.844114528101803,0.8622488545535121,0.11505253656888421,0.13018801427361681
14228167,STEELES AVE E / CONACHER DR,51.09722222222222,143,1,39.210266859523244,144,37.36792711026146,3,1226.3333333333333,2.7985865724381624,0.7673659184250268,0.11221587540745627,0.12494554390018257
1146413,RONCESVALLES AVE / HIGH PARK BLVD / FERMANAGH AVE,48.02777777777778,116,1,34.23776525476016,72,146.79589488665027,3,1152.6666666666667,2.415268941584731,0.7128742331818194,0.10547499243245007,0.10135442721972852
436249,STEELES AVE E / BLUFFWOOD DR / FAIRWAY HEIGHTS DR,46.291666666666664,104,1,32.0866124622201,144,27.382215171048628,3,1111.0,2.246624662466247,0.6931401431982741,0.10166227581762755,0.09086948647286006
910416,ROYAL YORK RD / STRATH HUMBER CRT / PRIVATE ACCESS / 45m NORTH OF,40.06944444444444,99,1,29.90563863591985,72,145.50615487455258,3,961.6666666666666,2.4707105719237434,0.7463452276555388,0.08799749947010364,0.08650076116166486
2286558,STEELES AVE W / SHALE GT / CAPSTAN GT,37.986111111111114,115,1,35.06576959597775,144,116.12267409643533,3,911.6666666666666,3.0274223034734917,0.923120808376745,0.08342223953231664,0.10048068215748948
14228179,STEELES AVE E / PRIVATE ACCESS,30.15277777777778,86,1,23.160830040696908,144,102.34684932488774,3,723.6666666666666,2.852141870105942,0.7681159663427809,0.06621926216623744,0.07514207535255736
103008,OLD FINCH AVE / SEWELLS RD / 250m EAST OF,29.4,230,0,39.89395358669175,840,119.85317794823442,21,705.6,7.8231292517006805,1.35693719682625,0.0645660682420504,0.20096136431497896
437104,STEELES AVE W / BLACK HAWKWAY / NEW WESTMINSTER DR,13.625,44,0,11.640822189980451,144,69.3719203677637,3,327.0,3.229357798165138,0.8543722708242533,0.029922199993127098,0.038444782738517716
14024051,DUNDAS ST E / JONES AVE,2.625,11,0,2.5305821768609196,144,139.26439815632423,3,63.0,4.190476190476191,0.9640313054708265,0.005764827521611643,0.009611195684629429
