date,daily_total_volume,peak_hour_volume,peak_ratio,congestion_target,year,month,quarter,day_of_week,is_weekend,week_of_year,lag_1,lag_7,lag_14,roll_7_mean,roll_14_mean,roll_7_std
2015-05-12,1366639,127084,0.0929901751669607,1366639,2015,5,2,1,0,20,338634.0,73747.0,851629.0,221566.7142857143,449260.5,105517.31006445343
2015-05-13,1380407,127418,0.09230466087175739,1380407,2015,5,2,2,0,20,1366639.0,72241.0,860400.0,406265.5714285714,486046.9285714286,431537.48641914333
2015-05-14,1544706,141528,0.09162131823143045,1544706,2015,5,2,3,0,20,1380407.0,273086.0,911364.0,593146.4285714285,523190.28571428574,533893.80003357
2015-05-15,500843,41697,0.08325363437244805,500843,2015,5,2,4,0,20,1544706.0,283400.0,673252.0,774806.4285714285,568429.0,616749.542511074
2015-05-16,397832,31794,0.0799181564077299,397832,2015,5,2,5,1,20,500843.0,266022.0,683961.0,805869.7142857143,556114.0714285715,592888.5754287266
2015-05-17,345650,29430,0.08514393172284103,345650,2015,5,2,6,1,20,397832.0,243837.0,685287.0,824699.7142857143,535676.2857142857,574699.692100641
2015-05-18,335501,29130,0.08682537458904742,335501,2015,5,2,0,0,21,345650.0,338634.0,72787.0,839244.4285714285,511416.5,558612.0764176326
2015-05-19,344479,30241,0.08778764452985523,344479,2015,5,2,1,0,21,335501.0,1366639.0,73747.0,838796.8571428572,530181.7857142857,559081.0838496293
2015-05-20,345274,30453,0.08819951690541425,345274,2015,5,2,2,0,21,344479.0,1380407.0,72241.0,692774.0,549519.7857142857,531021.6634576534
2015-05-25,202726,18891,0.09318488994998175,202726,2015,5,2,0,0,22,345274.0,1544706.0,273086.0,544897.8571428572,569022.1428571428,444737.6894108211
2015-05-26,663458,60135,0.09063874427620136,663458,2015,5,2,1,0,22,202726.0,500843.0,283400.0,353186.4285714286,563996.4285714285,88451.5203164157
2015-05-27,670225,60767,0.0906665671975829,670225,2015,5,2,2,0,22,663458.0,397832.0,266022.0,376417.14285714284,591143.4285714285,140018.06492071823
2015-05-28,680264,59716,0.08778356638011126,680264,2015,5,2,3,0,22,670225.0,345650.0,243837.0,415330.4285714286,620015.0714285715,179301.93585202965
2015-05-29,214047,19235,0.08986344120683776,214047,2015,5,2,4,0,22,680264.0,335501.0,338634.0,463132.4285714286,651188.4285714285,200928.81074222634
2015-05-30,274505,20291,0.07391850785960183,274505,2015,5,2,5,1,22,214047.0,344479.0,1366639.0,445781.85714285716,642289.3571428572,218281.46767528358
2015-05-31,237307,18134,0.07641578208818113,237307,2015,5,2,6,1,22,274505.0,345274.0,1380407.0,435785.5714285714,564279.7857142857,225186.8881668855
2015-06-01,315336,26837,0.08510604561483624,315336,2015,6,2,0,0,23,237307.0,202726.0,1544706.0,420361.71428571426,482629.78571428574,235863.99286574265
2015-06-02,319676,27446,0.0858556788748608,319676,2015,6,2,1,0,23,315336.0,663458.0,500843.0,436448.85714285716,394817.64285714284,221977.64983396235
2015-06-03,320593,27294,0.08513598238264716,320593,2015,6,2,2,0,23,319676.0,670225.0,397832.0,387337.14285714284,381877.14285714284,200359.46363925302
2015-06-04,333562,26898,0.08063868186424113,333562,2015,6,2,3,0,23,320593.0,680264.0,345650.0,337389.71428571426,376360.0714285714,156965.765672766
2015-06-05,340082,27982,0.08228015596238554,340082,2015,6,2,4,0,23,333562.0,214047.0,335501.0,287860.85714285716,375496.64285714284,46743.3263023617
2015-06-06,173137,13848,0.07998290371208927,173137,2015,6,2,5,1,23,340082.0,274505.0,344479.0,305865.85714285716,375823.85714285716,36785.26290707204
2015-06-07,140451,11738,0.08357363066122704,140451,2015,6,2,6,1,23,173137.0,237307.0,345274.0,291384.71428571426,363585.14285714284,62295.60587958272
2015-06-09,18947,1837,0.09695466300733625,18947,2015,6,2,1,0,24,140451.0,315336.0,202726.0,277548.14285714284,348954.9285714286,83467.44578462341
2015-06-10,18942,1888,0.0996726850385387,18942,2015,6,2,2,0,24,18947.0,319676.0,663458.0,235206.85714285713,335827.85714285716,125630.42667738712
2015-06-11,19381,1867,0.09633145864506476,19381,2015,6,2,3,0,24,18942.0,320593.0,670225.0,192244.85714285713,289791.0,142251.73863896693
2015-06-22,27502,2400,0.0872663806268635,27502,2015,6,2,0,0,26,19381.0,333562.0,680264.0,149214.57142857142,243302.14285714287,142513.608581608
2015-06-23,28565,2408,0.08429896726763522,28565,2015,6,2,1,0,26,27502.0,340082.0,214047.0,105491.71428571429,196676.2857142857,122003.3672700776
2015-06-24,28445,2419,0.08504130778695729,28445,2015,6,2,2,0,26,28565.0,173137.0,274505.0,60989.28571428572,183427.57142857142,66245.4827760912
2015-06-25,29048,2566,0.08833654640594878,29048,2015,6,2,3,0,26,28445.0,140451.0,237307.0,40319.0,165851.85714285713,44388.39875086671
2015-06-26,29989,2483,0.08279702557604456,29989,2015,6,2,4,0,26,29048.0,18947.0,315336.0,24404.285714285714,150976.2142857143,4994.1759985030885
2015-08-17,187919,15320,0.08152448661391344,187919,2015,8,3,0,0,34,29989.0,18942.0,319676.0,25981.714285714286,130594.28571428571,4719.460834745066
2015-08-18,575019,49389,0.08589107490361188,575019,2015,8,3,1,0,34,187919.0,19381.0,320593.0,50121.28571428572,121183.07142857143,60866.97849877812
2015-08-19,576518,49202,0.08534338910493688,576518,2015,8,3,2,0,34,575019.0,27502.0,333562.0,129498.14285714286,139356.35714285713,205222.06735503752
2015-08-20,388053,33924,0.08742104815579316,388053,2015,8,3,3,0,34,576518.0,28565.0,340082.0,207929.0,156710.35714285713,257895.43282565667
2015-08-25,1880,247,0.13138297872340426,1880,2015,8,3,1,0,35,388053.0,28445.0,173137.0,259284.42857142858,160136.85714285713,251949.68949101437
2015-08-26,1885,250,0.13262599469496023,1885,2015,8,3,2,0,35,1880.0,29048.0,140451.0,255489.42857142858,147904.2142857143,256170.92604278604
2015-08-27,1879,257,0.13677488025545503,1879,2015,8,3,3,0,35,1885.0,29989.0,18947.0,251609.0,138006.64285714287,260344.43263812302
2015-11-03,45130,4496,0.09962331043651673,45130,2015,11,4,1,0,45,1879.0,187919.0,18942.0,247593.2857142857,136787.5,264515.9441966355
2015-11-04,45295,4368,0.09643448504249917,45295,2015,11,4,2,0,45,45130.0,575019.0,19381.0,227194.85714285713,138658.07142857142,275175.640538564
2015-11-05,155648,15946,0.10244911595394737,155648,2015,11,4,3,0,45,45295.0,576518.0,27502.0,151520.0,140509.07142857142,233219.82996163235
2015-11-06,195262,17116,0.08765658448648482,195262,2015,11,4,4,0,45,155648.0,388053.0,28565.0,91395.71428571429,149662.35714285713,141679.31322498736
2015-11-07,165852,11691,0.07049055784675494,165852,2015,11,4,5,1,45,195262.0,1880.0,28445.0,63854.142857142855,161569.2857142857,79489.05566056755
2015-11-08,132761,9749,0.07343270990727699,132761,2015,11,4,6,1,45,165852.0,1885.0,29048.0,87278.71428571429,171384.07142857142,82293.02772352025
2015-11-09,181453,17715,0.09762858701702369,181453,2015,11,4,0,0,46,132761.0,1879.0,29989.0,105975.28571428571,178792.14285714287,74119.80601636847
2015-11-10,184816,18283,0.09892541771275214,184816,2015,11,4,1,0,46,181453.0,45130.0,187919.0,131628.7142857143,189611.0,62204.814571736504
2015-11-11,186284,18338,0.0984410899486805,186284,2015,11,4,2,0,46,184816.0,45295.0,575019.0,151583.85714285713,189389.35714285713,51277.089489123435
2015-11-12,78339,6171,0.07877302493011144,78339,2015,11,4,3,0,46,186284.0,155648.0,576518.0,171725.14285714287,161622.57142857142,21768.16662335766
2016-01-19,79372,7538,0.09497051857078063,79372,2016,1,1,1,0,3,78339.0,195262.0,388053.0,160681.0,126038.35714285714,41736.88213877576
2016-01-20,81975,7556,0.09217444342787436,81975,2016,1,1,2,0,3,79372.0,165852.0,1880.0,144125.2857142857,103989.71428571429,48215.609808831294
2016-01-21,82969,7398,0.08916583302197206,82969,2016,1,1,3,0,3,81975.0,132761.0,1885.0,132142.85714285713,109710.78571428571,52176.02884284011
2016-01-22,87828,7151,0.08142050371180033,87828,2016,1,1,4,0,3,82969.0,181453.0,1879.0,125029.71428571429,115502.5,55373.78506029827
2016-01-23,82660,5122,0.061964674570529885,82660,2016,1,1,5,1,3,87828.0,184816.0,45130.0,111654.71428571429,121641.71428571429,50572.85574862036
2016-01-24,71170,4781,0.06717718139665589,71170,2016,1,1,6,1,3,82660.0,186284.0,45295.0,97061.0,124322.42857142857,39460.880806177105
2016-01-25,17390,4007,0.23041978148361128,17390,2016,1,1,0,0,4,71170.0,78339.0,155648.0,80616.14285714286,126170.64285714286,5156.445010096934
2016-01-28,114679,11500,0.10027991175367766,114679,2016,1,1,3,0,4,17390.0,79372.0,195262.0,71909.14285714286,116295.07142857143,24566.950593744357
2016-01-29,119883,11011,0.09184788502122904,119883,2016,1,1,4,0,4,114679.0,81975.0,165852.0,76953.0,110539.14285714286,29486.41876072144
2016-01-30,215342,15318,0.07113335995764876,215342,2016,1,1,5,1,4,119883.0,82969.0,132761.0,82368.42857142857,107255.64285714286,33737.14495357226
2016-01-31,187324,14312,0.07640238303687728,187324,2016,1,1,6,1,4,215342.0,87828.0,181453.0,101278.85714285714,113154.28571428571,60563.39591542771
2016-02-01,223545,19579,0.08758415531548458,223545,2016,2,1,0,0,5,187324.0,82660.0,184816.0,115492.57142857143,113573.64285714286,68088.40195377174
2016-02-02,381225,33817,0.08870614466522395,381225,2016,2,1,1,0,5,223545.0,71170.0,186284.0,135619.0,116340.0,77004.35114112728
2016-02-03,381792,33448,0.08760791216159584,381792,2016,2,1,2,0,5,381225.0,17390.0,78339.0,179912.57142857142,130264.35714285714,114027.19771594758
2016-02-04,272192,22671,0.0832904714319304,272192,2016,2,1,3,0,5,381792.0,114679.0,79372.0,231970.0,151939.57142857142,110593.17134133019
2016-02-05,283910,22502,0.07925751118312141,283910,2016,2,1,4,0,5,272192.0,119883.0,81975.0,254471.85714285713,165712.42857142858,98065.78817546771
2016-02-06,148754,12173,0.08183309356387056,148754,2016,2,1,5,1,5,283910.0,215342.0,82969.0,277904.28571428574,180136.35714285713,78113.4705513138
2016-02-07,221134,19888,0.08993641864209032,221134,2016,2,1,6,1,5,148754.0,187324.0,87828.0,268391.71428571426,184835.2857142857,90131.95815897355
2016-02-08,301189,28488,0.09458512761090213,301189,2016,2,1,0,0,6,221134.0,223545.0,82660.0,273221.71428571426,194357.14285714287,85868.7314543016
2016-02-09,152292,14855,0.09754287815512305,152292,2016,2,1,1,0,6,301189.0,381225.0,71170.0,284313.71428571426,209966.35714285713,83360.46238018143
2016-02-10,154994,14651,0.09452623972540873,154994,2016,2,1,2,0,6,152292.0,381792.0,17390.0,251609.0,215760.7857142857,83909.22428235276
2016-02-11,157058,14905,0.09490124667320353,157058,2016,2,1,3,0,6,154994.0,272192.0,114679.0,219209.2857142857,225589.64285714287,67432.93193169223
2016-02-12,154236,13617,0.08828678129619544,154236,2016,2,1,4,0,6,157058.0,283910.0,119883.0,202761.57142857142,228616.7142857143,66389.16204184615
2016-02-13,107297,8698,0.08106470823974575,107297,2016,2,1,5,1,6,154236.0,148754.0,215342.0,184236.7142857143,231070.5,57463.89637187452
2016-02-28,116501,10074,0.08647136076085184,116501,2016,2,1,6,1,8,107297.0,221134.0,187324.0,178314.2857142857,223353.0,63544.95366461075
2016-02-29,76030,9205,0.12107063001446797,76030,2016,2,1,0,0,9,116501.0,301189.0,223545.0,163366.7142857143,218294.2142857143,64097.72738486271
2016-03-03,88220,9674,0.10965767399682612,88220,2016,3,1,3,0,9,76030.0,152292.0,381225.0,131201.14285714287,207757.42857142858,31731.853766768403
2016-03-04,203539,15703,0.0771498336928058,203539,2016,3,1,4,0,9,88220.0,154994.0,381792.0,122048.0,186828.5,33807.192227878186
2016-03-05,160739,13032,0.08107553238479771,160739,2016,3,1,5,1,9,203539.0,157058.0,272192.0,128983.0,174096.14285714287,44863.20331109577
2016-03-06,289252,23861,0.08249208302794794,289252,2016,3,1,6,1,9,160739.0,154236.0,283910.0,129508.85714285714,166135.2142857143,45266.883220248026
2016-03-07,388737,32954,0.08477196665097482,388737,2016,3,1,0,0,10,289252.0,107297.0,148754.0,148796.85714285713,166516.7857142857,75935.0553508869
2016-03-08,400133,33770,0.08439693801810898,400133,2016,3,1,1,0,10,388737.0,116501.0,221134.0,189002.57142857142,183658.42857142858,114840.711110151
2016-03-09,398620,33511,0.0840675329888114,398620,2016,3,1,2,0,10,400133.0,76030.0,301189.0,229521.42857142858,196444.07142857142,133514.96114026022
2016-03-10,396774,33410,0.08420410611582411,396774,2016,3,1,3,0,10,398620.0,88220.0,152292.0,275605.71428571426,203403.42857142858,127230.6616447897
2016-03-11,410928,33440,0.08137678620098898,410928,2016,3,1,4,0,10,396774.0,203539.0,154994.0,319684.85714285716,220866.42857142858,102545.43649431261
2016-03-12,312062,23180,0.07428011100358262,312062,2016,3,1,5,1,10,410928.0,160739.0,157058.0,349311.85714285716,239147.42857142858,92901.86252066819
2016-04-25,87894,7479,0.08509113250051198,87894,2016,4,2,0,0,17,312062.0,289252.0,154236.0,370929.4285714286,250219.14285714287,48889.55240081476
2016-04-26,87291,7285,0.08345648463186353,87291,2016,4,2,1,0,17,87894.0,388737.0,107297.0,342164.0,245480.42857142858,116895.13272302202
2016-04-27,90972,7476,0.08217913204062789,90972,2016,4,2,2,0,17,87291.0,400133.0,116501.0,299100.28571428574,244051.42857142858,148209.6767586527
2016-04-28,89963,7486,0.08321198715027289,89963,2016,4,2,3,0,17,90972.0,398620.0,76030.0,254934.42857142858,242227.92857142858,158772.40687417495
2016-04-29,95061,7624,0.08020113400868915,95061,2016,4,2,4,0,17,89963.0,396774.0,88220.0,210840.57142857142,243223.14285714287,155033.44491415986
2016-04-30,92440,7003,0.07575724794461272,92440,2016,4,2,5,1,17,95061.0,410928.0,203539.0,167738.7142857143,243711.7857142857,135426.174801024
2016-05-01,82352,6650,0.08075092286768992,82352,2016,5,2,6,1,17,92440.0,312062.0,160739.0,122240.42857142857,235776.14285714287,83745.35071046278
2016-05-09,161050,13781,0.08556969885128841,161050,2016,5,2,0,0,19,82352.0,87894.0,289252.0,89424.71428571429,230177.07142857142,4091.915187792392
2016-05-10,166936,13966,0.08366080414050894,166936,2016,5,2,1,0,19,161050.0,87291.0,388737.0,99875.57142857143,221019.7857142857,27275.624593246568
2016-05-11,165871,14132,0.08519873877893061,165871,2016,5,2,2,0,19,166936.0,90972.0,400133.0,111253.42857142857,205176.85714285713,36277.39974077153
2016-05-12,168953,14031,0.08304676448479754,168953,2016,5,2,3,0,19,165871.0,89963.0,398620.0,121953.28571428571,188443.85714285713,40138.57777630048
2016-05-13,174896,14150,0.08090522367578447,174896,2016,5,2,4,0,19,168953.0,95061.0,396774.0,133237.57142857142,172039.07142857142,40744.90068239732
2016-05-14,175380,13083,0.07459801573725625,175380,2016,5,2,5,1,19,174896.0,92440.0,410928.0,144642.57142857142,156190.64285714287,39429.97480705637
2016-05-15,146007,12303,0.08426308327682919,146007,2016,5,2,6,1,19,175380.0,82352.0,312062.0,156491.14285714287,139365.7857142857,33078.94097673407
2016-05-30,570091,45446,0.07971709779666755,570091,2016,5,2,0,0,22,146007.0,161050.0,87894.0,165584.7142857143,127504.71428571429,9997.928747370863
2016-05-31,590223,46282,0.07841442980026193,590223,2016,5,2,1,0,22,570091.0,166936.0,87291.0,224019.14285714287,161947.35714285713,152917.4319291591
2016-06-01,597628,46342,0.0775432208664922,597628,2016,6,2,2,0,22,590223.0,165871.0,90972.0,284488.71428571426,197871.07142857142,202300.618813284
2016-06-02,589309,46164,0.07833581363936407,589309,2016,6,2,3,0,22,597628.0,168953.0,89963.0,346168.28571428574,234060.7857142857,224688.19343979273
2016-06-03,605377,46427,0.07669105367399158,605377,2016,6,2,4,0,22,589309.0,174896.0,95061.0,406219.14285714284,269728.35714285716,225602.20040846796
2016-06-04,509280,37046,0.07274191014765945,509280,2016,6,2,5,1,22,605377.0,175380.0,92440.0,467716.4285714286,306179.5,210181.73071721874
2016-06-05,455249,35724,0.07847134205676454,455249,2016,6,2,6,1,22,509280.0,146007.0,82352.0,515416.4285714286,335953.78571428574,166031.15800139893
2016-06-14,1520358,143592,0.09444617649264186,1520358,2016,6,2,1,0,24,455249.0,570091.0,161050.0,559593.8571428572,362589.28571428574,56114.98572998139
2016-06-15,1541100,141462,0.09179287521899941,1541100,2016,6,2,2,0,24,1520358.0,590223.0,166936.0,695346.2857142857,459682.71428571426,368069.25183798146
2016-06-16,1535548,143134,0.09321362796864702,1535548,2016,6,2,3,0,24,1541100.0,597628.0,165871.0,831185.8571428572,557837.2857142857,480959.38164583396
2016-07-04,23586,1998,0.08471126939709997,23586,2016,7,3,0,0,27,1535548.0,589309.0,168953.0,965174.4285714285,655671.3571428572,532891.1326437005
2016-07-05,23300,1987,0.08527896995708155,23300,2016,7,3,1,0,27,23586.0,605377.0,174896.0,884356.8571428572,645288.0,632907.4899442069
2016-07-06,23312,1976,0.08476321207961565,23312,2016,7,3,2,0,27,23300.0,509280.0,175380.0,801203.0,634459.7142857143,709297.6041834156
2016-07-07,22615,1891,0.0836170683174884,22615,2016,7,3,3,0,27,23312.0,455249.0,146007.0,731779.0,623597.7142857143,764283.5507107293
2016-07-08,23823,2057,0.08634512865718004,23823,2016,7,3,4,0,27,22615.0,1520358.0,570091.0,669974.1428571428,614784.0,806688.9043855813
2016-07-09,19196,1636,0.08522608876849344,19196,2016,7,3,5,1,27,23823.0,1541100.0,590223.0,456183.4285714286,575764.8571428572,739244.5737683518
2016-07-10,16152,1484,0.09187716691431402,16152,2016,7,3,6,1,27,19196.0,1535548.0,597628.0,238768.57142857142,534977.2142857143,571828.1711755306
2016-10-11,15520,2423,0.15612113402061856,15520,2016,10,4,1,0,41,16152.0,23586.0,589309.0,21712.0,493443.21428571426,2918.595723853291
2016-10-12,14976,2296,0.15331196581196582,14976,2016,10,4,2,0,41,15520.0,23300.0,605377.0,20559.714285714286,452458.28571428574,3574.069982161624
2016-10-13,15684,2332,0.1486865595511349,15684,2016,10,4,3,0,41,14976.0,23312.0,509280.0,19370.571428571428,410286.78571428574,3881.8838148086434
2017-04-22,248521,16777,0.06750737362234982,248521,2017,4,2,5,1,16,15684.0,22615.0,455249.0,18280.85714285714,375029.9285714286,3655.0818698740154
2017-04-23,192201,14140,0.07356881597910521,192201,2017,4,2,6,1,16,248521.0,23823.0,1520358.0,50553.142857142855,360263.64285714284,87351.20048102095
2017-04-24,202994,18159,0.08945584598559564,202994,2017,4,2,0,0,17,192201.0,19196.0,1541100.0,74607.14285714286,265395.28571428574,100896.68299540643
2017-04-25,242867,22491,0.09260624127608938,242867,2017,4,2,1,0,17,202994.0,16152.0,1535548.0,100864.0,169816.2857142857,107755.64667493163
2017-04-26,239818,22089,0.09210734807228815,239818,2017,4,2,2,0,17,242867.0,15520.0,23586.0,133251.85714285713,77481.92857142857,112036.89301211869
2017-04-27,225841,20511,0.090820533029875,225841,2017,4,2,3,0,17,239818.0,14976.0,23300.0,165294.42857142858,92927.07142857143,104580.16088604864
2017-04-28,215627,17435,0.08085722103447156,215627,2017,4,2,4,0,17,225841.0,15684.0,23312.0,195418.0,107394.28571428571,81996.25068663892
2017-04-29,220683,15484,0.07016399088285007,220683,2017,4,2,5,1,17,215627.0,248521.0,22615.0,223981.2857142857,121131.07142857143,21343.90876973861
2017-04-30,167300,12761,0.07627615062761506,167300,2017,4,2,6,1,17,220683.0,192201.0,23823.0,220004.42857142858,135278.7857142857,18399.945705133836
2017-05-09,66329,5585,0.08420148049872604,66329,2017,5,2,1,0,19,167300.0,202994.0,19196.0,216447.14285714287,145527.14285714287,25649.867416337245
2017-05-10,67879,5793,0.08534303687443834,67879,2017,5,2,2,0,19,66329.0,242867.0,16152.0,196923.57142857142,148893.7857142857,62761.1544716835
2017-05-11,67480,5748,0.08518079430942502,67480,2017,5,2,3,0,19,67879.0,239818.0,15520.0,171925.2857142857,152588.57142857142,75056.73168724358
2017-05-30,96901,7349,0.0758402906058761,96901,2017,5,2,1,0,22,67480.0,225841.0,14976.0,147305.57142857142,156300.0,77306.27676511873
2017-05-31,95964,7305,0.07612229586094786,95964,2017,5,2,2,0,22,96901.0,215627.0,15684.0,128885.57142857143,162151.7857142857,70539.9355491988
2017-06-01,95962,7148,0.07448781809466247,95962,2017,6,2,3,0,22,95964.0,220683.0,248521.0,111790.85714285714,167886.07142857142,59678.92520654936
2017-06-06,87119,7530,0.08643349900710523,87119,2017,6,2,1,0,23,95962.0,167300.0,192201.0,93973.57142857143,156989.0,35450.22081198392
2017-06-07,92453,7896,0.08540555741836392,92453,2017,6,2,2,0,23,87119.0,66329.0,202994.0,82519.14285714286,149483.14285714287,14674.81640346992
2017-06-08,90089,7682,0.08527123178190456,90089,2017,6,2,3,0,23,92453.0,67879.0,242867.0,86251.14285714286,141587.35714285713,13109.585823951626
2017-06-13,16399,2205,0.1344594182572108,16399,2017,6,2,1,0,24,90089.0,67480.0,239818.0,89424.0,130674.64285714286,10310.931092746474
2017-06-14,16749,2387,0.1425159711027524,16749,2017,6,2,2,0,24,16399.0,96901.0,225841.0,82126.71428571429,114716.14285714286,29201.171886942957
2017-06-15,16538,2366,0.1430644576127706,16538,2017,6,2,3,0,24,16749.0,95964.0,215627.0,70676.42857142857,99781.0,37090.99923096882
2017-06-20,178171,13447,0.07547243939810631,178171,2017,6,2,1,0,25,16538.0,95962.0,220683.0,59329.857142857145,85560.35714285714,40093.118156056764
2017-06-21,155740,11645,0.07477205599075382,155740,2017,6,2,2,0,25,178171.0,87119.0,167300.0,71074.0,82523.78571428571,59806.044630394026
2017-06-22,159023,11809,0.07425969828263836,159023,2017,6,2,3,0,25,155740.0,92453.0,66329.0,80877.0,81698.07142857143,67944.55547723715
2017-07-05,165042,11839,0.07173325577731729,165042,2017,7,3,2,0,27,159023.0,90089.0,67879.0,90387.0,88319.07142857143,74205.22056431991
2017-07-06,161483,11526,0.07137593430887462,161483,2017,7,3,3,0,27,165042.0,16399.0,67480.0,101094.57142857143,95259.28571428571,79382.20221782562
2017-09-11,51667,4881,0.09447035825575319,51667,2017,9,3,0,0,37,161483.0,16749.0,96901.0,121820.85714285714,101973.78571428571,72198.30817830097
2017-09-12,55004,4843,0.08804814195331248,55004,2017,9,3,1,0,37,51667.0,16538.0,95964.0,126809.14285714286,98742.78571428571,64527.5932849061
2017-09-13,54596,4955,0.09075756465675142,54596,2017,9,3,2,0,37,55004.0,178171.0,95962.0,132304.2857142857,95817.07142857143,54417.73485336224
2017-09-14,55628,4852,0.08722226217013015,55628,2017,9,3,3,0,37,54596.0,155740.0,87119.0,114650.71428571429,92862.35714285714,57039.491143453866
2017-09-15,54751,4761,0.08695731584811237,54751,2017,9,3,4,0,37,55628.0,159023.0,92453.0,100349.0,90613.0,57568.2196470649
2017-09-16,42129,3248,0.07709653682736357,42129,2017,9,3,5,1,37,54751.0,165042.0,90089.0,85453.0,87920.0,53178.791348926825
2017-09-17,36853,2897,0.07860961115784332,36853,2017,9,3,6,1,37,42129.0,161483.0,16399.0,67894.0,84494.28571428571,41537.60100598826
2017-09-19,141340,14040,0.09933493703127211,141340,2017,9,3,1,0,38,36853.0,51667.0,16749.0,50089.71428571428,85955.28571428571,7504.75866172624
2017-09-20,139522,13579,0.0973251530224624,139522,2017,9,3,2,0,38,141340.0,55004.0,16538.0,62900.142857142855,94854.64285714286,35386.686919549225
2017-09-21,140906,13546,0.09613501199381148,140906,2017,9,3,3,0,38,139522.0,54596.0,178171.0,74974.14285714286,103639.21428571429,45279.49361991079
2017-09-22,144340,13514,0.09362616045448247,144340,2017,9,3,4,0,38,140906.0,55628.0,155740.0,87304.14285714286,100977.42857142857,50280.768415722865
2017-09-23,101124,7934,0.078458130611922,101124,2017,9,3,5,1,38,144340.0,54751.0,159023.0,99977.28571428571,100163.14285714286,52112.67465697897
2017-09-24,86833,7236,0.083332373636751,86833,2017,9,3,6,1,38,101124.0,42129.0,165042.0,106602.0,96027.5,48206.284718205745
2017-09-25,138883,13814,0.09946501731673422,138883,2017,9,3,0,0,39,86833.0,36853.0,161483.0,112988.28571428571,90441.14285714286,40603.01391404524
2017-09-26,23965,2220,0.09263509284373043,23965,2017,9,3,1,0,39,138883.0,141340.0,51667.0,127564.0,88826.85714285714,23375.281823600264
2017-09-27,23375,2278,0.09745454545454546,23375,2017,9,3,2,0,39,23965.0,139522.0,55004.0,110796.14285714286,86848.14285714286,44447.10375801304
2017-09-28,24857,2495,0.10037414008126483,24857,2017,9,3,3,0,39,23375.0,140906.0,54596.0,94203.71428571429,84588.92857142857,52825.799794268445
2017-09-29,25988,2288,0.08804063413883331,25988,2017,9,3,4,0,39,24857.0,144340.0,55628.0,77625.28571428571,82464.71428571429,53924.8612692153
2017-09-30,21276,1600,0.07520210565895845,21276,2017,9,3,5,1,39,25988.0,101124.0,54751.0,60717.857142857145,80347.57142857143,47717.69791327107
2017-10-01,17811,1473,0.08270170119589018,17811,2017,10,4,6,1,39,21276.0,86833.0,42129.0,49311.0,77956.5,45960.238522002095
2017-10-02,22800,2242,0.09833333333333333,22800,2017,10,4,0,0,40,17811.0,138883.0,36853.0,39450.71428571428,76219.5,43927.6564846955
2017-10-24,13686,2011,0.14693847727604853,13686,2017,10,4,1,0,43,22800.0,23965.0,141340.0,22867.428571428572,75215.71428571429,2685.2471552937504
2017-10-25,13499,2003,0.14838136158233944,13499,2017,10,4,2,0,43,13686.0,23375.0,139522.0,21399.0,66097.57142857143,4306.261023126376
2017-10-26,13969,2009,0.1438184551506908,13969,2017,10,4,3,0,43,13499.0,24857.0,140906.0,19988.14285714286,57095.92857142857,5096.32388513065
2018-04-10,124,16,0.12903225806451613,124,2018,4,2,1,0,15,13969.0,25988.0,144340.0,18432.714285714286,48029.0,5023.675736356435
2018-04-11,110,17,0.15454545454545454,110,2018,4,2,2,0,15,124.0,21276.0,101124.0,14737.857142857143,37727.857142857145,7460.862314470177
2018-04-12,144,20,0.1388888888888889,144,2018,4,2,3,0,15,110.0,17811.0,86833.0,11714.142857142857,30512.571428571428,8575.29158739291
2018-05-11,248795,17403,0.06994915492674691,248795,2018,5,2,4,0,19,144.0,22800.0,138883.0,9190.285714285714,24320.5,9067.536503228459
2018-05-12,233977,16367,0.06995132000153861,233977,2018,5,2,5,1,19,248795.0,13686.0,23965.0,41475.28571428572,32171.35714285714,91671.75820958934
2018-05-13,210390,15875,0.07545510718190028,210390,2018,5,2,6,1,19,233977.0,13499.0,23375.0,72945.42857142857,47172.21428571428,115307.08555975674
2018-05-14,219131,16303,0.07439841921042664,219131,2018,5,2,0,0,20,210390.0,13969.0,24857.0,101072.71428571429,60530.42857142857,122197.56327045754
2018-05-15,231661,16988,0.07333129011788778,231661,2018,5,2,1,0,20,219131.0,124.0,25988.0,130381.57142857143,74407.14285714286,122427.60095236608
2018-05-16,230734,16723,0.07247739821612766,230734,2018,5,2,2,0,20,231661.0,110.0,21276.0,163458.2857142857,89098.07142857143,112222.33095617616
2018-05-17,234929,17006,0.07238782781180697,234929,2018,5,2,3,0,20,230734.0,144.0,17811.0,196404.57142857142,104059.35714285714,87376.83186607223
2018-05-25,106316,8437,0.07935776364799278,106316,2018,5,2,4,0,21,234929.0,248795.0,22800.0,229945.2857142857,119567.78571428571,12242.872602903972
2018-05-26,81286,5976,0.07351819501513175,81286,2018,5,2,5,1,21,106316.0,233977.0,13686.0,209591.14285714287,125533.21428571429,46418.707103304216
2018-05-27,68495,5356,0.07819548872180451,68495,2018,5,2,6,1,21,81286.0,210390.0,13499.0,187778.14285714287,130361.78571428571,65147.357437906285
2018-05-28,213951,17852,0.08343966609176867,213951,2018,5,2,0,0,22,68495.0,219131.0,13969.0,167507.42857142858,134290.07142857142,77788.09695760117
2018-05-29,220662,18082,0.08194433114899712,220662,2018,5,2,1,0,22,213951.0,231661.0,124.0,166767.42857142858,148574.5,77237.84388682248
2018-05-30,222975,18091,0.08113465635160892,222975,2018,5,2,2,0,22,220662.0,230734.0,110.0,165196.14285714287,164327.2142857143,75796.07929048156
2018-05-31,224521,17936,0.07988562317110649,224521,2018,5,2,3,0,22,222975.0,234929.0,144.0,164087.7142857143,180246.14285714287,74727.12485149466
2018-06-01,432557,34929,0.08075005143830755,432557,2018,6,2,4,0,22,224521.0,106316.0,248795.0,162600.85714285713,196273.07142857142,73169.9826691859
2018-06-02,342644,25997,0.07587175027141874,342644,2018,6,2,5,1,22,432557.0,81286.0,233977.0,209206.7142857143,209398.92857142858,120157.30707800332
2018-06-03,287921,23979,0.08328326172804346,287921,2018,6,2,6,1,22,342644.0,68495.0,210390.0,246543.57142857142,217160.85714285713,114244.025687496
2018-06-04,510821,45822,0.08970265513751392,510821,2018,6,2,0,0,23,287921.0,213951.0,219131.0,277890.14285714284,222698.7857142857,83109.09442499312
2018-06-05,521911,46380,0.08886572614871117,521911,2018,6,2,1,0,23,510821.0,220662.0,231661.0,320300.14285714284,243533.7857142857,114761.37777787352
2018-06-06,404132,37745,0.09339770174101532,404132,2018,6,2,2,0,23,521911.0,222975.0,230734.0,363335.71428571426,264265.9285714286,127001.17999807885
2018-06-07,419202,38402,0.09160738736933507,419202,2018,6,2,3,0,23,404132.0,224521.0,234929.0,389215.28571428574,276651.5,111093.60889015078
2018-06-08,421771,38115,0.09036894428493188,421771,2018,6,2,4,0,23,419202.0,432557.0,106316.0,417026.85714285716,289813.85714285716,84074.71911624752
2018-06-09,187439,15152,0.08083696562615038,187439,2018,6,2,5,1,23,421771.0,342644.0,81286.0,415486.0,312346.35714285716,83841.17150501332
2018-06-10,106272,8786,0.08267464619090635,106272,2018,6,2,6,1,23,187439.0,287921.0,68495.0,393313.85714285716,319928.71428571426,119327.49197681098
2018-11-24,102436,8547,0.08343746339177632,102436,2018,11,4,5,1,47,106272.0,510821.0,213951.0,367364.0,322627.0714285714,159167.5793328099
2018-11-25,85387,7279,0.085247168772764,85387,2018,11,4,6,1,47,102436.0,521911.0,220662.0,309023.28571428574,314661.71428571426,172137.23768911156
2018-11-26,119006,11334,0.09523889551787305,119006,2018,11,4,0,0,48,85387.0,404132.0,222975.0,246662.7142857143,304999.21428571426,160860.9621730444
2018-11-27,116817,10873,0.0930772062285455,116817,2018,11,4,1,0,48,119006.0,419202.0,224521.0,205930.42857142858,297572.85714285716,150079.60219480813
2018-11-28,116956,10792,0.09227401757926057,116956,2018,11,4,2,0,48,116817.0,421771.0,432557.0,162732.57142857142,289879.71428571426,118699.46497331743
2018-11-29,120035,10856,0.09044028824926063,120035,2018,11,4,3,0,48,116956.0,187439.0,342644.0,119187.57142857143,267336.78571428574,32297.563761865433
2018-11-30,123083,10815,0.08786753654038332,123083,2018,11,4,4,0,48,120035.0,106272.0,287921.0,109558.42857142857,251436.14285714287,12597.709035842692
2018-12-01,127808,10353,0.0810043189784677,127808,2018,12,4,5,1,48,123083.0,102436.0,510821.0,111960.0,239662.0,13440.94639522732
2018-12-02,102522,9004,0.0878250521839215,102522,2018,12,4,6,1,48,127808.0,85387.0,521911.0,115584.57142857143,212303.92857142858,13859.077300398676
2018-12-03,150180,13689,0.09115061925689173,150180,2018,12,4,0,0,49,102522.0,119006.0,404132.0,118032.42857142857,182347.57142857142,7844.717561418542
2018-12-04,154223,13809,0.0895391737937921,154223,2018,12,4,1,0,49,150180.0,116817.0,419202.0,122485.85714285714,164208.14285714287,14508.186693803013
2018-12-05,154463,13847,0.08964606410596712,154463,2018,12,4,2,0,49,154223.0,116956.0,421771.0,127829.57142857143,145281.07142857142,18430.71804402745
2018-12-06,156152,13798,0.08836262103591372,156152,2018,12,4,3,0,49,154463.0,120035.0,187439.0,133187.7142857143,126187.64285714286,20117.510214673493
2018-12-07,180341,16659,0.09237500069313134,180341,2018,12,4,4,0,49,156152.0,123083.0,106272.0,138347.2857142857,123952.85714285714,20801.84922639086
2018-12-08,114622,10083,0.08796740590811537,114622,2018,12,4,5,1,49,180341.0,127808.0,102436.0,146527.0,129243.5,24692.85027424089
2018-12-09,95125,8878,0.09332982917214191,95125,2018,12,4,6,1,49,114622.0,102522.0,85387.0,144643.2857142857,130113.92857142857,26774.087396289935
2018-12-10,361356,32747,0.0906225439732563,361356,2018,12,4,0,0,50,95125.0,150180.0,119006.0,143586.57142857142,130809.5,28784.115786635793
2018-12-11,369037,33295,0.0902213057227324,369037,2018,12,4,1,0,50,361356.0,154223.0,116817.0,173754.57142857142,148120.2142857143,87540.8905233348
2018-12-12,370174,33106,0.08943361770410672,370174,2018,12,4,2,0,50,369037.0,154463.0,116956.0,204442.2857142857,166135.92857142858,113388.7406604858
2018-12-13,376377,32856,0.08729545110354778,376377,2018,12,4,3,0,50,370174.0,156152.0,120035.0,235258.14285714287,184222.92857142858,126137.35358122787
2018-12-14,393075,33233,0.08454620619474655,393075,2018,12,4,4,0,50,376377.0,180341.0,123083.0,266718.85714285716,202533.07142857142,130506.77250041752
2018-12-15,247048,18304,0.0740908649331304,247048,2018,12,4,5,1,50,393075.0,114622.0,127808.0,297109.4285714286,221818.2142857143,131802.7179927838
2018-12-16,211158,16934,0.08019587228520823,211158,2018,12,4,6,1,50,247048.0,95125.0,102522.0,316027.4285714286,230335.35714285713,108728.24594504092
2018-12-17,16559,3274,0.19771725345733437,16559,2018,12,4,0,0,51,211158.0,361356.0,150180.0,332603.5714285714,238095.07142857142,72119.48802012758
2018-12-18,17372,3384,0.19479622380842734,17372,2018,12,4,1,0,51,16559.0,369037.0,154223.0,283346.85714285716,228550.7142857143,137405.2552238902
2018-12-19,17570,3433,0.19538986909504838,17570,2018,12,4,2,0,51,17372.0,370174.0,154463.0,233109.0,218775.64285714287,162795.45089671933
2018-12-20,16724,3301,0.19738100932791197,16724,2018,12,4,3,0,51,17570.0,376377.0,156152.0,182737.0,208997.57142857142,167791.0558820089
2019-01-12,166777,12128,0.07271985945304209,166777,2019,1,1,5,1,2,16724.0,393075.0,180341.0,131358.0,199038.42857142858,153029.56451069415
2019-01-13,147579,11639,0.07886623435583653,147579,2019,1,1,6,1,2,166777.0,247048.0,114622.0,99029.71428571429,198069.57142857142,104842.08502745494
2019-01-14,176946,14887,0.08413301233144575,176946,2019,1,1,0,0,3,147579.0,211158.0,95125.0,84819.85714285714,200423.64285714287,86588.44872426982
2019-01-15,182158,15065,0.08270292822714347,182158,2019,1,1,1,0,3,176946.0,16559.0,361356.0,79932.42857142857,206268.0,78892.38225341124
2019-01-16,184125,15063,0.08180855397148676,184125,2019,1,1,2,0,3,182158.0,17372.0,369037.0,103589.42857142857,193468.14285714287,81507.00207927977
2019-01-17,185439,14948,0.08060871769153198,185439,2019,1,1,3,0,3,184125.0,17570.0,370174.0,127411.28571428571,180260.14285714287,76311.3310278196
2019-01-18,183088,14939,0.08159464301319584,183088,2019,1,1,4,0,3,185439.0,16724.0,376377.0,151392.57142857142,167064.7857142857,60850.785513569535
2019-02-05,61,23,0.3770491803278688,61,2019,2,1,1,0,6,183088.0,166777.0,393075.0,175158.85714285713,153258.42857142858,13735.78229087385
2019-02-06,20,7,0.35,20,2019,2,1,2,0,6,61.0,147579.0,247048.0,151342.2857142857,125186.0,68007.88044462807
2019-02-07,67,21,0.31343283582089554,67,2019,2,1,3,0,6,20.0,176946.0,211158.0,130262.42857142857,107541.14285714286,88998.29587292718
2019-03-05,5052,563,0.11144101346001584,5052,2019,3,1,1,0,10,67.0,182158.0,16559.0,104994.0,92463.21428571429,98171.80468613519
2019-03-06,5179,589,0.11372851901911565,5179,2019,3,1,2,0,10,5052.0,184125.0,17372.0,79693.14285714286,91641.28571428571,97791.79095988665
2019-09-19,542209,43565,0.08034724617260133,542209,2019,9,3,3,0,38,5179.0,185439.0,17570.0,54129.42857142857,90770.35714285714,88929.95985391158
2019-09-20,576157,45680,0.07928394517466593,576157,2019,9,3,4,0,38,542209.0,183088.0,16724.0,105096.57142857143,128244.57142857143,204225.01621892062
2019-09-21,490299,37004,0.07547231383298762,490299,2019,9,3,5,1,38,576157.0,61.0,166777.0,161249.2857142857,168204.07142857142,272026.50504482863
2019-09-22,412342,32919,0.07983421528731005,412342,2019,9,3,6,1,38,490299.0,20.0,147579.0,231283.2857142857,191312.7857142857,286341.64897007955
2019-09-23,568981,47409,0.0833226417050833,568981,2019,9,3,0,0,39,412342.0,67.0,176946.0,290186.4285714286,210224.42857142858,272935.1964110747
2019-09-24,582713,48180,0.0826822123412383,582713,2019,9,3,1,0,39,568981.0,5052.0,182158.0,371459.85714285716,238226.92857142858,256346.5322309026
2019-09-25,583856,48079,0.08234735962292072,583856,2019,9,3,2,0,39,582713.0,5179.0,184125.0,453982.85714285716,266838.0,206955.76073517732
2019-09-26,50928,4479,0.08794769085768143,50928,2019,9,3,3,0,39,583856.0,542209.0,185439.0,536651.0,295390.21428571426,64015.75268895303
2019-09-27,33342,2770,0.08307839961609981,33342,2019,9,3,4,0,39,50928.0,576157.0,183088.0,466468.0,285782.28571428574,194080.93951407608
2019-09-28,30079,2189,0.07277502576548422,30079,2019,9,3,5,1,39,33342.0,490299.0,61.0,388923.0,275086.14285714284,244771.43504229895
2019-09-29,29736,2243,0.0754304546677428,29736,2019,9,3,6,1,39,30079.0,412342.0,20.0,323177.28571428574,277230.28571428574,273164.4080059438
2019-09-30,342914,30101,0.08778002647894224,342914,2019,9,3,0,0,40,29736.0,568981.0,67.0,268519.28571428574,279352.85714285716,290102.7766003588
2019-10-01,351836,30639,0.08708318648461215,351836,2019,10,4,1,0,40,342914.0,582713.0,5052.0,236224.0,303841.9285714286,262333.807502959
2019-10-02,358025,30677,0.08568396061727533,358025,2019,10,4,2,0,40,351836.0,583856.0,5179.0,203241.57142857142,328612.21428571426,223088.46623993185
2019-10-03,363752,30878,0.08488750577316413,363752,2019,10,4,3,0,40,358025.0,50928.0,542209.0,170980.0,353815.5,168530.75199203103
2019-10-04,371390,30429,0.08193273916906756,371390,2019,10,4,4,0,40,363752.0,33342.0,576157.0,215669.14285714287,341068.5714285714,172812.23483733932
2019-10-05,360819,24283,0.06729967102619319,360819,2019,10,4,5,1,40,371390.0,30079.0,490299.0,263961.71428571426,326442.35714285716,160137.96249766738
2019-10-06,315781,22038,0.06978887266808326,315781,2019,10,4,6,1,40,360819.0,29736.0,412342.0,311210.28571428574,317193.78571428574,124444.24416676615
2019-10-30,18557,1220,0.06574338524545993,18557,2019,10,4,2,0,44,315781.0,342914.0,568981.0,352073.85714285716,310296.5714285714,18359.906766534677
2019-10-31,18251,1166,0.06388691030628459,18251,2019,10,4,3,0,44,18557.0,351836.0,582713.0,305737.14285714284,270980.5714285714,127894.79428997805
2019-11-01,19856,1291,0.06501813053988718,19856,2019,11,4,4,0,44,18251.0,358025.0,583856.0,258082.14285714287,230661.85714285713,164706.1297021934
2019-11-02,126007,8106,0.0643297594578079,126007,2019,11,4,5,1,44,19856.0,363752.0,50928.0,209772.2857142857,190376.14285714287,179441.20640450533
2019-11-03,108729,7558,0.06951227363444895,108729,2019,11,4,6,1,44,126007.0,371390.0,33342.0,175808.7142857143,195738.92857142858,167544.56159751725
2019-11-04,127879,11454,0.08956904573854972,127879,2019,11,4,0,0,45,108729.0,360819.0,30079.0,138285.7142857143,201123.7142857143,144232.97170979163
2019-11-05,130948,11731,0.0895851788496197,130948,2019,11,4,1,0,45,127879.0,315781.0,29736.0,105008.57142857143,208109.42857142858,106187.38120551394
